1.000000000000000056e-01,8.000000000000000444e-01,6.291019992447169917e-01
2.000000000000000111e-01,8.000000000000000444e-01,8.991151432018775758e-01
5.000000000000000000e-01,8.000000000000000444e-01,1.143274469967217266e+00
1.000000000000000000e+00,8.000000000000000444e-01,1.266873237608049818e+00
1.300000000000000044e+00,8.000000000000000444e-01,1.321112053801473341e+00
1.699999999999999956e+00,8.000000000000000444e-01,1.385243098165011677e+00
2.200000000000000178e+00,8.000000000000000444e-01,1.456476755136915768e+00
2.799999999999999822e+00,8.000000000000000444e-01,1.532715380724881671e+00
3.600000000000000089e+00,8.000000000000000444e-01,1.623303543579944774e+00
4.599999999999999645e+00,8.000000000000000444e-01,1.724038807382924920e+00
6.000000000000000000e+00,8.000000000000000444e-01,1.854952208823403392e+00
7.700000000000000178e+00,8.000000000000000444e-01,1.990158675818383127e+00
1.000000000000000000e+01,8.000000000000000444e-01,2.152588066363800401e+00
1.300000000000000000e+01,8.000000000000000444e-01,2.340536319444282309e+00
1.700000000000000000e+01,8.000000000000000444e-01,2.563075745996494348e+00
2.200000000000000000e+01,8.000000000000000444e-01,2.811223279544479592e+00
2.800000000000000000e+01,8.000000000000000444e-01,3.079387931949864043e+00
3.600000000000000000e+01,8.000000000000000444e-01,3.402949816812142814e+00
4.600000000000000000e+01,8.000000000000000444e-01,3.770281494709901704e+00
6.000000000000000000e+01,8.000000000000000444e-01,4.238154439387866290e+00
7.700000000000000000e+01,8.000000000000000444e-01,4.757570099810134678e+00
1.000000000000000000e+02,8.000000000000000444e-01,5.403917164663107897e+00
1.300000000000000000e+02,8.000000000000000444e-01,6.182397585912617899e+00
1.700000000000000000e+02,8.000000000000000444e-01,7.145869837678730185e+00
2.200000000000000000e+02,8.000000000000000444e-01,8.271728708892970516e+00
2.800000000000000000e+02,8.000000000000000444e-01,9.546511521764241337e+00
3.600000000000000000e+02,8.000000000000000444e-01,1.115996985559143795e+01
4.600000000000000000e+02,8.000000000000000444e-01,1.308395709251148098e+01
6.000000000000000000e+02,8.000000000000000444e-01,1.566327205773009013e+01
7.700000000000000000e+02,8.000000000000000444e-01,1.867713341896545742e+01
1.000000000000000000e+03,8.000000000000000444e-01,2.262003851388953279e+01
1.300000000000000000e+03,8.000000000000000444e-01,2.761100853065578775e+01
1.700000000000000000e+03,8.000000000000000444e-01,3.409279227890434072e+01
2.200000000000000000e+03,8.000000000000000444e-01,4.201514561663147163e+01
2.800000000000000000e+03,8.000000000000000444e-01,5.134886727901720604e+01
3.600000000000000000e+03,8.000000000000000444e-01,6.359924634370693042e+01
4.600000000000000000e+03,8.000000000000000444e-01,7.870287939249995190e+01
6.000000000000000000e+03,8.000000000000000444e-01,9.958694935536968273e+01
7.700000000000000000e+03,8.000000000000000444e-01,1.246669785731489242e+02
1.000000000000000000e+04,8.000000000000000444e-01,1.582616659436220914e+02
1.300000000000000000e+04,8.000000000000000444e-01,2.016664085396968460e+02
1.700000000000000000e+04,8.000000000000000444e-01,2.590155600870268131e+02
2.200000000000000000e+04,8.000000000000000444e-01,3.300700571826676537e+02
2.800000000000000000e+04,8.000000000000000444e-01,4.144066107989066268e+02
3.600000000000000000e+04,8.000000000000000444e-01,5.247747666202578785e+02
4.600000000000000000e+04,8.000000000000000444e-01,6.587168079693968821e+02
6.000000000000000000e+04,8.000000000000000444e-01,8.746451431355566228e+02
7.700000000000000000e+04,8.000000000000000444e-01,1.116492224734151023e+03
1.000000000000000000e+05,8.000000000000000444e-01,1.444209849502459747e+03
1.300000000000000000e+05,8.000000000000000444e-01,1.872949150288678311e+03
1.700000000000000000e+05,8.000000000000000444e-01,2.446463021982228838e+03
2.200000000000000000e+05,8.000000000000000444e-01,3.164984428217524055e+03
2.800000000000000000e+05,8.000000000000000444e-01,4.028009078304072773e+03
3.600000000000000000e+05,8.000000000000000444e-01,5.179116415228213555e+03
4.600000000000000000e+05,8.000000000000000444e-01,6.618970903315620490e+03
6.000000000000000000e+05,8.000000000000000444e-01,8.635529124659655281e+03
7.700000000000000000e+05,8.000000000000000444e-01,1.107685895344977871e+04
1.000000000000000000e+06,8.000000000000000444e-01,1.434597559121276208e+04
1.300000000000000000e+06,8.000000000000000444e-01,1.852012831053025729e+04
1.700000000000000000e+06,8.000000000000000444e-01,2.387618862827379417e+04
2.200000000000000000e+06,8.000000000000000444e-01,3.014348266065983262e+04
2.800000000000000000e+06,8.000000000000000444e-01,3.693490428677808814e+04
3.600000000000000000e+06,8.000000000000000444e-01,4.475371967957141169e+04
4.600000000000000000e+06,8.000000000000000444e-01,5.287373910314575187e+04
6.000000000000000000e+06,8.000000000000000444e-01,6.223625548369580065e+04
7.700000000000000000e+06,8.000000000000000444e-01,7.231254103176780336e+04
1.000000000000000000e+07,8.000000000000000444e-01,8.651873463009044644e+04
1.300000000000000000e+07,8.000000000000000444e-01,1.093201247031022067e+05
1.700000000000000000e+07,8.000000000000000444e-01,1.499862853431001131e+05
2.200000000000000000e+07,8.000000000000000444e-01,2.179459740473362617e+05
2.800000000000000000e+07,8.000000000000000444e-01,3.230575376292082365e+05
3.600000000000000000e+07,8.000000000000000444e-01,4.996177501641907147e+05
4.600000000000000000e+07,8.000000000000000444e-01,7.727231395449390402e+05
6.000000000000000000e+07,8.000000000000000444e-01,1.238049288208275102e+06
7.700000000000000000e+07,8.000000000000000444e-01,1.902859607332292944e+06
1.000000000000000000e+08,8.000000000000000444e-01,2.914191784002207685e+06
1.300000000000000000e+08,8.000000000000000444e-01,4.327057951076528057e+06
1.700000000000000000e+08,8.000000000000000444e-01,6.250120735593115911e+06
2.200000000000000000e+08,8.000000000000000444e-01,8.622336215969126672e+06
2.800000000000000000e+08,8.000000000000000444e-01,1.140198335249997862e+07
3.600000000000000000e+08,8.000000000000000444e-01,1.504968058866904490e+07
4.600000000000000000e+08,8.000000000000000444e-01,1.961933137771349028e+07
6.000000000000000000e+08,8.000000000000000444e-01,2.616084089686822519e+07
7.700000000000000000e+08,8.000000000000000444e-01,3.439450607739038765e+07
1.000000000000000000e+09,8.000000000000000444e-01,4.601064115836846828e+07
1.300000000000000000e+09,8.000000000000000444e-01,6.183043037687722594e+07
1.700000000000000000e+09,8.000000000000000444e-01,8.379510818286544085e+07
2.200000000000000000e+09,8.000000000000000444e-01,1.122283064690617919e+08
2.800000000000000000e+09,8.000000000000000444e-01,1.473098385937887430e+08
3.600000000000000000e+09,8.000000000000000444e-01,1.951399013579129875e+08
4.600000000000000000e+09,8.000000000000000444e-01,2.559855460694967508e+08
6.000000000000000000e+09,8.000000000000000444e-01,3.423340930866275430e+08
7.700000000000000000e+09,8.000000000000000444e-01,4.482248260099978447e+08
1.000000000000000000e+10,8.000000000000000444e-01,5.924733554104170799e+08
1.300000000000000000e+10,8.000000000000000444e-01,7.815213223808178902e+08
1.700000000000000000e+10,8.000000000000000444e-01,1.034384915084954500e+09
2.200000000000000000e+10,8.000000000000000444e-01,1.351102132543053389e+09
2.800000000000000000e+10,8.000000000000000444e-01,1.731627663494791746e+09
3.600000000000000000e+10,8.000000000000000444e-01,2.239387620908273697e+09
4.600000000000000000e+10,8.000000000000000444e-01,2.874401867984250069e+09
6.000000000000000000e+10,8.000000000000000444e-01,3.763704831688002586e+09
7.700000000000000000e+10,8.000000000000000444e-01,4.843785722877248764e+09
1.000000000000000000e+11,8.000000000000000444e-01,6.305246282007266998e+09
1.300000000000000000e+11,8.000000000000000444e-01,8.211640742766445160e+09
1.700000000000000000e+11,8.000000000000000444e-01,1.075361438275081253e+10
2.200000000000000000e+11,8.000000000000000444e-01,1.393116579917881393e+10
2.800000000000000000e+11,8.000000000000000444e-01,1.774428537697227478e+10
3.600000000000000000e+11,8.000000000000000444e-01,2.282849145998423767e+10
4.600000000000000000e+11,8.000000000000000444e-01,2.918378506083770370e+10
6.000000000000000000e+11,8.000000000000000444e-01,3.808122758223694611e+10
7.700000000000000000e+11,8.000000000000000444e-01,4.888528806857154083e+10
1.000000000000000056e-01,9.000000000000000222e-01,6.245470093768529241e-01
2.000000000000000111e-01,9.000000000000000222e-01,8.931405449559275400e-01
5.000000000000000000e-01,9.000000000000000222e-01,1.135473701676918079e+00
1.000000000000000000e+00,9.000000000000000222e-01,1.252075617489845971e+00
1.300000000000000044e+00,9.000000000000000222e-01,1.301381694062726080e+00
1.699999999999999956e+00,9.000000000000000222e-01,1.358908964057325086e+00
2.200000000000000178e+00,9.000000000000000222e-01,1.422000236213412094e+00
2.799999999999999822e+00,9.000000000000000222e-01,1.488658076688461396e+00
3.600000000000000089e+00,9.000000000000000222e-01,1.566767394073516506e+00
4.599999999999999645e+00,9.000000000000000222e-01,1.652309649348651766e+00
6.000000000000000000e+00,9.000000000000000222e-01,1.762154440363380870e+00
7.700000000000000178e+00,9.000000000000000222e-01,1.872897114707265276e+00
1.000000000000000000e+01,9.000000000000000222e-01,2.003237726481945646e+00
1.300000000000000000e+01,9.000000000000000222e-01,2.150629788749513605e+00
1.700000000000000000e+01,9.000000000000000222e-01,2.320765637104351242e+00
2.200000000000000000e+01,9.000000000000000222e-01,2.505347398299936135e+00
2.800000000000000000e+01,9.000000000000000222e-01,2.699278958822017849e+00
3.600000000000000000e+01,9.000000000000000222e-01,2.926347217429037695e+00
4.600000000000000000e+01,9.000000000000000222e-01,3.175900749892301089e+00
6.000000000000000000e+01,9.000000000000000222e-01,3.482564943669419488e+00
7.700000000000000000e+01,9.000000000000000222e-01,3.810191274735335476e+00
1.000000000000000000e+02,9.000000000000000222e-01,4.201705649555144362e+00
1.300000000000000000e+02,9.000000000000000222e-01,4.653104139743165391e+00
1.700000000000000000e+02,9.000000000000000222e-01,5.186469623128346029e+00
2.200000000000000000e+02,9.000000000000000222e-01,5.780768094536953505e+00
2.800000000000000000e+02,9.000000000000000222e-01,6.423223194991837026e+00
3.600000000000000000e+02,9.000000000000000222e-01,7.199330133443731405e+00
4.600000000000000000e+02,9.000000000000000222e-01,8.082148046883833814e+00
6.000000000000000000e+02,9.000000000000000222e-01,9.209629631346620826e+00
7.700000000000000000e+02,9.000000000000000222e-01,1.046541574923229767e+01
1.000000000000000000e+03,9.000000000000000222e-01,1.203389256810526398e+01
1.300000000000000000e+03,9.000000000000000222e-01,1.393088247316344663e+01
1.700000000000000000e+03,9.000000000000000222e-01,1.628916307994788681e+01
2.200000000000000000e+03,9.000000000000000222e-01,1.905747090979978609e+01
2.800000000000000000e+03,9.000000000000000222e-01,2.220552249598157601e+01
3.600000000000000000e+03,9.000000000000000222e-01,2.620662836306305010e+01
4.600000000000000000e+03,9.000000000000000222e-01,3.099707683960111382e+01
6.000000000000000000e+03,9.000000000000000222e-01,3.744456823604918583e+01
7.700000000000000000e+03,9.000000000000000222e-01,4.500657250918403918e+01
1.000000000000000000e+04,9.000000000000000222e-01,5.493467214950683086e+01
1.300000000000000000e+04,9.000000000000000222e-01,6.754388614162780868e+01
1.700000000000000000e+04,9.000000000000000222e-01,8.396510814149452528e+01
2.200000000000000000e+04,9.000000000000000222e-01,1.040602033466299190e+02
2.800000000000000000e+04,9.000000000000000222e-01,1.276944145029796260e+02
3.600000000000000000e+04,9.000000000000000222e-01,1.585769083020609287e+02
4.600000000000000000e+04,9.000000000000000222e-01,1.965229797449637772e+02
6.000000000000000000e+04,9.000000000000000222e-01,2.519600777385931849e+02
7.700000000000000000e+04,9.000000000000000222e-01,3.166363921650000179e+02
1.000000000000000000e+05,9.000000000000000222e-01,4.036386847365722588e+02
1.300000000000000000e+05,9.000000000000000222e-01,5.167953588951365873e+02
1.700000000000000000e+05,9.000000000000000222e-01,6.676329234731607585e+02
2.200000000000000000e+05,9.000000000000000222e-01,8.561700769746416881e+02
2.800000000000000000e+05,9.000000000000000222e-01,1.081724193786894602e+03
3.600000000000000000e+05,9.000000000000000222e-01,1.380027747511092457e+03
4.600000000000000000e+05,9.000000000000000222e-01,1.748121585315935818e+03
6.000000000000000000e+05,9.000000000000000222e-01,2.255594684264557145e+03
7.700000000000000000e+05,9.000000000000000222e-01,2.863605483942651972e+03
1.000000000000000000e+06,9.000000000000000222e-01,3.678779163271736252e+03
1.300000000000000000e+06,9.000000000000000222e-01,4.734803902677506812e+03
1.700000000000000000e+06,9.000000000000000222e-01,6.128882542699841906e+03
2.200000000000000000e+06,9.000000000000000222e-01,7.843328612154269649e+03
2.800000000000000000e+06,9.000000000000000222e-01,9.862116842125496987e+03
3.600000000000000000e+06,9.000000000000000222e-01,1.250513090357431975e+04
4.600000000000000000e+06,9.000000000000000222e-01,1.574703499469993221e+04
6.000000000000000000e+06,9.000000000000000222e-01,2.017598130367690828e+04
7.700000000000000000e+06,9.000000000000000222e-01,2.541578974075126098e+04
1.000000000000000000e+07,9.000000000000000222e-01,3.244142941096792856e+04
1.300000000000000000e+07,9.000000000000000222e-01,4.184857469380368275e+04
1.700000000000000000e+07,9.000000000000000222e-01,5.499464194802807469e+04
2.200000000000000000e+07,9.000000000000000222e-01,7.160896963998404681e+04
2.800000000000000000e+07,9.000000000000000222e-01,8.990556547659191710e+04
3.600000000000000000e+07,9.000000000000000222e-01,1.088362629949613911e+05
4.600000000000000000e+07,9.000000000000000222e-01,1.219235322010595410e+05
6.000000000000000000e+07,9.000000000000000222e-01,1.219956191328555724e+05
7.700000000000000000e+07,9.000000000000000222e-01,1.007683318242918322e+05
1.000000000000000000e+08,9.000000000000000222e-01,4.991440898315020604e+04
1.300000000000000000e+08,9.000000000000000222e-01,-3.414516973396539106e+04
1.700000000000000000e+08,9.000000000000000222e-01,-1.550782722346932278e+05
2.200000000000000000e+08,9.000000000000000222e-01,-3.014390543371236417e+05
2.800000000000000000e+08,9.000000000000000222e-01,-4.549811671532756300e+05
3.600000000000000000e+08,9.000000000000000222e-01,-6.106138590469197370e+05
4.600000000000000000e+08,9.000000000000000222e-01,-7.297658866839911789e+05
6.000000000000000000e+08,9.000000000000000222e-01,-7.970919608102152124e+05
7.700000000000000000e+08,9.000000000000000222e-01,-8.037585670880897669e+05
1.000000000000000000e+09,9.000000000000000222e-01,-7.916738168076985748e+05
1.300000000000000000e+09,9.000000000000000222e-01,-8.316910581278988393e+05
1.700000000000000000e+09,9.000000000000000222e-01,-1.017999991193645867e+06
2.200000000000000000e+09,9.000000000000000222e-01,-1.425046152740183054e+06
2.800000000000000000e+09,9.000000000000000222e-01,-2.086261393984202994e+06
3.600000000000000000e+09,9.000000000000000222e-01,-3.148198482743549626e+06
4.600000000000000000e+09,9.000000000000000222e-01,-4.644525882558500394e+06
6.000000000000000000e+09,9.000000000000000222e-01,-6.912059471273294650e+06
7.700000000000000000e+09,9.000000000000000222e-01,-9.809261310816831887e+06
1.000000000000000000e+10,9.000000000000000222e-01,-1.385703329801176675e+07
1.300000000000000000e+10,9.000000000000000222e-01,-1.924748879322280735e+07
1.700000000000000000e+10,9.000000000000000222e-01,-2.652909154385950044e+07
2.200000000000000000e+10,9.000000000000000222e-01,-3.570362663859931380e+07
2.800000000000000000e+10,9.000000000000000222e-01,-4.676443537778597325e+07
3.600000000000000000e+10,9.000000000000000222e-01,-6.155459049875285476e+07
4.600000000000000000e+10,9.000000000000000222e-01,-8.007564085697752237e+07
6.000000000000000000e+10,9.000000000000000222e-01,-1.060347132212722749e+08
7.700000000000000000e+10,9.000000000000000222e-01,-1.375784676966364682e+08
1.000000000000000000e+11,9.000000000000000222e-01,-1.802732030849601626e+08
1.300000000000000000e+11,9.000000000000000222e-01,-2.359763870513837039e+08
1.700000000000000000e+11,9.000000000000000222e-01,-3.102588635080146194e+08
2.200000000000000000e+11,9.000000000000000222e-01,-4.031204523395708799e+08
2.800000000000000000e+11,9.000000000000000222e-01,-5.145601699769738317e+08
3.600000000000000000e+11,9.000000000000000222e-01,-6.631511267291896343e+08
4.600000000000000000e+11,9.000000000000000222e-01,-8.488934169229490757e+08
6.000000000000000000e+11,9.000000000000000222e-01,-1.108935768083618164e+09
7.700000000000000000e+11,9.000000000000000222e-01,-1.424703777632922173e+09
1.000000000000000056e-01,9.499999999999999556e-01,6.222782699453169863e-01
2.000000000000000111e-01,9.499999999999999556e-01,8.901759834600736498e-01
5.000000000000000000e-01,9.499999999999999556e-01,1.131729042067294966e+00
1.000000000000000000e+00,9.499999999999999556e-01,1.245207811983770174e+00
1.300000000000000044e+00,9.499999999999999556e-01,1.292294071030466451e+00
1.699999999999999956e+00,9.499999999999999556e-01,1.346867826118141265e+00
2.200000000000000178e+00,9.499999999999999556e-01,1.406351288736030769e+00
2.799999999999999822e+00,9.499999999999999556e-01,1.468806816983182495e+00
3.600000000000000089e+00,9.499999999999999556e-01,1.541502020513129567e+00
4.599999999999999645e+00,9.499999999999999556e-01,1.620529941751575498e+00
6.000000000000000000e+00,9.499999999999999556e-01,1.721443703435284744e+00
7.700000000000000178e+00,9.499999999999999556e-01,1.821974353904823873e+00
1.000000000000000000e+01,9.499999999999999556e-01,1.939121948911195270e+00
1.300000000000000000e+01,9.499999999999999556e-01,2.070113488064843743e+00
1.700000000000000000e+01,9.499999999999999556e-01,2.219434529591048921e+00
2.200000000000000000e+01,9.499999999999999556e-01,2.379240254537021482e+00
2.800000000000000000e+01,9.499999999999999556e-01,2.544780947235042667e+00
3.600000000000000000e+01,9.499999999999999556e-01,2.735666256715648004e+00
4.600000000000000000e+01,9.499999999999999556e-01,2.941963251016902259e+00
6.000000000000000000e+01,9.499999999999999556e-01,3.190727537938901293e+00
7.700000000000000000e+01,9.499999999999999556e-01,3.451048354639387306e+00
1.000000000000000000e+02,9.499999999999999556e-01,3.755228184887631215e+00
1.300000000000000000e+02,9.499999999999999556e-01,4.097267265629029431e+00
1.700000000000000000e+02,9.499999999999999556e-01,4.490414053761540458e+00
2.200000000000000000e+02,9.499999999999999556e-01,4.915680539232225144e+00
2.800000000000000000e+02,9.499999999999999556e-01,5.361677174928689560e+00
3.600000000000000000e+02,9.499999999999999556e-01,5.883380326544914496e+00
4.600000000000000000e+02,9.499999999999999556e-01,6.456613962328510148e+00
6.000000000000000000e+02,9.499999999999999556e-01,7.161363120207736799e+00
7.700000000000000000e+02,9.499999999999999556e-01,7.915123819110985615e+00
1.000000000000000000e+03,9.499999999999999556e-01,8.817403974934668653e+00
1.300000000000000000e+03,9.499999999999999556e-01,9.860086634417239537e+00
1.700000000000000000e+03,9.499999999999999556e-01,1.109562901143787528e+01
2.200000000000000000e+03,9.499999999999999556e-01,1.247687825062005729e+01
2.800000000000000000e+03,9.499999999999999556e-01,1.397533303387321801e+01
3.600000000000000000e+03,9.499999999999999556e-01,1.579246067154983635e+01
4.600000000000000000e+03,9.499999999999999556e-01,1.786795173811800908e+01
6.000000000000000000e+03,9.499999999999999556e-01,2.053052773852859403e+01
7.700000000000000000e+03,9.499999999999999556e-01,2.351037526287946378e+01
1.000000000000000000e+04,9.499999999999999556e-01,2.725195101895727490e+01
1.300000000000000000e+04,9.499999999999999556e-01,3.180568347929851214e+01
1.700000000000000000e+04,9.499999999999999556e-01,3.750838583634848078e+01
2.200000000000000000e+04,9.499999999999999556e-01,4.425013371494020475e+01
2.800000000000000000e+04,9.499999999999999556e-01,5.195223008503596418e+01
3.600000000000000000e+04,9.499999999999999556e-01,6.174477741567672240e+01
4.600000000000000000e+04,9.499999999999999556e-01,7.338054484890916740e+01
6.000000000000000000e+04,9.499999999999999556e-01,8.941906949304303964e+01
7.700000000000000000e+04,9.499999999999999556e-01,1.081636013286180713e+02
1.000000000000000000e+05,9.499999999999999556e-01,1.328544620825809659e+02
1.300000000000000000e+05,9.499999999999999556e-01,1.643082995311470995e+02
1.700000000000000000e+05,9.499999999999999556e-01,2.053857664060207355e+02
2.200000000000000000e+05,9.499999999999999556e-01,2.558414554522980495e+02
2.800000000000000000e+05,9.499999999999999556e-01,3.156029059818493465e+02
3.600000000000000000e+05,9.499999999999999556e-01,3.945925612435125345e+02
4.600000000000000000e+05,9.499999999999999556e-01,4.928516103314497627e+02
6.000000000000000000e+05,9.499999999999999556e-01,6.301324948348288899e+02
7.700000000000000000e+05,9.499999999999999556e-01,7.967943930071746763e+02
1.000000000000000000e+06,9.499999999999999556e-01,1.022265598608929167e+03
1.300000000000000000e+06,9.499999999999999556e-01,1.314582899100606937e+03
1.700000000000000000e+06,9.499999999999999556e-01,1.694294138915402755e+03
2.200000000000000000e+06,9.499999999999999556e-01,2.140835166201175525e+03
2.800000000000000000e+06,9.499999999999999556e-01,2.629458489042721340e+03
3.600000000000000000e+06,9.499999999999999556e-01,3.222814018350018614e+03
4.600000000000000000e+06,9.499999999999999556e-01,3.949355987817094046e+03
6.000000000000000000e+06,9.499999999999999556e-01,5.109832362845850184e+03
7.700000000000000000e+06,9.499999999999999556e-01,6.923094825462070730e+03
1.000000000000000000e+07,9.499999999999999556e-01,1.012478902844577715e+04
1.300000000000000000e+07,9.499999999999999556e-01,1.525398806183998749e+04
1.700000000000000000e+07,9.499999999999999556e-01,2.283964300401870059e+04
2.200000000000000000e+07,9.499999999999999556e-01,3.215892409709367348e+04
2.800000000000000000e+07,9.499999999999999556e-01,4.178957294966751215e+04
3.600000000000000000e+07,9.499999999999999556e-01,5.099508307079501537e+04
4.600000000000000000e+07,9.499999999999999556e-01,5.671463227959727374e+04
6.000000000000000000e+07,9.499999999999999556e-01,5.641296954133128020e+04
7.700000000000000000e+07,9.499999999999999556e-01,4.898668419935041311e+04
1.000000000000000000e+08,9.499999999999999556e-01,3.741088736455580511e+04
1.300000000000000000e+08,9.499999999999999556e-01,3.296890201147486368e+04
1.700000000000000000e+08,9.499999999999999556e-01,5.563184278212113713e+04
2.200000000000000000e+08,9.499999999999999556e-01,1.269527946080007241e+05
2.800000000000000000e+08,9.499999999999999556e-01,2.587245873610755370e+05
3.600000000000000000e+08,9.499999999999999556e-01,4.829995455921331304e+05
4.600000000000000000e+08,9.499999999999999556e-01,8.063585142476158217e+05
6.000000000000000000e+08,9.499999999999999556e-01,1.298187355994822923e+06
7.700000000000000000e+08,9.499999999999999556e-01,1.922972339933493640e+06
1.000000000000000000e+09,9.499999999999999556e-01,2.790372245706537273e+06
1.300000000000000000e+09,9.499999999999999556e-01,3.947075244588945061e+06
1.700000000000000000e+09,9.499999999999999556e-01,5.530380758025554009e+06
2.200000000000000000e+09,9.499999999999999556e-01,7.567990872788866051e+06
2.800000000000000000e+09,9.499999999999999556e-01,1.007626317357153073e+07
3.600000000000000000e+09,9.499999999999999556e-01,1.348436772177320905e+07
4.600000000000000000e+09,9.499999999999999556e-01,1.779244601616517454e+07
6.000000000000000000e+09,9.499999999999999556e-01,2.385035458660023287e+07
7.700000000000000000e+09,9.499999999999999556e-01,3.120389087825475633e+07
1.000000000000000000e+10,9.499999999999999556e-01,4.112556007256342471e+07
1.300000000000000000e+10,9.499999999999999556e-01,5.402188283839626610e+07
1.700000000000000000e+10,9.499999999999999556e-01,7.116136427253064513e+07
2.200000000000000000e+10,9.499999999999999556e-01,9.253131696641056240e+07
2.800000000000000000e+10,9.499999999999999556e-01,1.181299085556392521e+08
3.600000000000000000e+10,9.499999999999999556e-01,1.522193786088512242e+08
4.600000000000000000e+10,9.499999999999999556e-01,1.947953323750275970e+08
6.000000000000000000e+10,9.499999999999999556e-01,2.543677098508110046e+08
7.700000000000000000e+10,9.499999999999999556e-01,3.266790773821869493e+08
1.000000000000000000e+11,9.499999999999999556e-01,4.244897365804662108e+08
1.300000000000000000e+11,9.499999999999999556e-01,5.520503416580680609e+08
1.700000000000000000e+11,9.499999999999999556e-01,7.221159434108190536e+08
2.200000000000000000e+11,9.499999999999999556e-01,9.346865908986481428e+08
2.800000000000000000e+11,9.499999999999999556e-01,1.189763502294686317e+09
3.600000000000000000e+11,9.499999999999999556e-01,1.529859672981111765e+09
4.600000000000000000e+11,9.499999999999999556e-01,1.954974935494255781e+09
6.000000000000000000e+11,9.499999999999999556e-01,2.550131956935081482e+09
7.700000000000000000e+11,9.499999999999999556e-01,3.272819421510160446e+09
1.000000000000000056e-01,9.799999999999999822e-01,6.209199652608315967e-01
2.000000000000000111e-01,9.799999999999999822e-01,8.884045573351777580e-01
5.000000000000000000e-01,9.799999999999999822e-01,1.129529882211077085e+00
1.000000000000000000e+00,9.799999999999999822e-01,1.241249569995821700e+00
1.300000000000000044e+00,9.799999999999999822e-01,1.287078869791890678e+00
1.699999999999999956e+00,9.799999999999999822e-01,1.339985704046664727e+00
2.200000000000000178e+00,9.799999999999999822e-01,1.397443595277780171e+00
2.799999999999999822e+00,9.799999999999999822e-01,1.457553353837189425e+00
3.600000000000000089e+00,9.799999999999999822e-01,1.527245179460086311e+00
4.599999999999999645e+00,9.799999999999999822e-01,1.602683943425776469e+00
6.000000000000000000e+00,9.799999999999999822e-01,1.698709934730239457e+00
7.700000000000000178e+00,9.799999999999999822e-01,1.793701713557874111e+00
1.000000000000000000e+01,9.799999999999999822e-01,1.903758002006786132e+00
1.300000000000000000e+01,9.799999999999999822e-01,2.026021642074518958e+00
1.700000000000000000e+01,9.799999999999999822e-01,2.164386422799745802e+00
2.200000000000000000e+01,9.799999999999999822e-01,2.311303238289599715e+00
2.800000000000000000e+01,9.799999999999999822e-01,2.462251163517557462e+00
3.600000000000000000e+01,9.799999999999999822e-01,2.634775683780825162e+00
4.600000000000000000e+01,9.799999999999999822e-01,2.819424334906442287e+00
6.000000000000000000e+01,9.799999999999999822e-01,3.039653176286222891e+00
7.700000000000000000e+01,9.799999999999999822e-01,3.267345803110815794e+00
1.000000000000000000e+02,9.799999999999999822e-01,3.529925398706870165e+00
1.300000000000000000e+02,9.799999999999999822e-01,3.820863930302633271e+00
1.700000000000000000e+02,9.799999999999999822e-01,4.149835302856651253e+00
2.200000000000000000e+02,9.799999999999999822e-01,4.499404238961482783e+00
2.800000000000000000e+02,9.799999999999999822e-01,4.859313449676847974e+00
3.600000000000000000e+02,9.799999999999999822e-01,5.272027541817073448e+00
4.600000000000000000e+02,9.799999999999999822e-01,5.715734917188948216e+00
6.000000000000000000e+02,9.799999999999999822e-01,6.248044179515955143e+00
7.700000000000000000e+02,9.799999999999999822e-01,6.802309148683588269e+00
1.000000000000000000e+03,9.799999999999999822e-01,7.446810750767910214e+00
1.300000000000000000e+03,9.799999999999999822e-01,8.167930567852335955e+00
1.700000000000000000e+03,9.799999999999999822e-01,8.992568665470088263e+00
2.200000000000000000e+03,9.799999999999999822e-01,9.879932198687487954e+00
2.800000000000000000e+03,9.799999999999999822e-01,1.080577559541330679e+01
3.600000000000000000e+03,9.799999999999999822e-01,1.188303690334218388e+01
4.600000000000000000e+03,9.799999999999999822e-01,1.306005296867607868e+01
6.000000000000000000e+03,9.799999999999999822e-01,1.449817381962452423e+01
7.700000000000000000e+03,9.799999999999999822e-01,1.602610659854243380e+01
1.000000000000000000e+04,9.799999999999999822e-01,1.784248872669742170e+01
1.300000000000000000e+04,9.799999999999999822e-01,1.992648255519816658e+01
1.700000000000000000e+04,9.799999999999999822e-01,2.237793509775206857e+01
2.200000000000000000e+04,9.799999999999999822e-01,2.510007801239630609e+01
2.800000000000000000e+04,9.799999999999999822e-01,2.803758206100594919e+01
3.600000000000000000e+04,9.799999999999999822e-01,3.157900879118263759e+01
4.600000000000000000e+04,9.799999999999999822e-01,3.558480973382346235e+01
6.000000000000000000e+04,9.799999999999999822e-01,4.053423239203811335e+01
7.700000000000000000e+04,9.799999999999999822e-01,4.610946513414052816e+01
1.000000000000000000e+05,9.799999999999999822e-01,5.302496773785106399e+01
1.300000000000000000e+05,9.799999999999999822e-01,6.134365967157427946e+01
1.700000000000000000e+05,9.799999999999999822e-01,7.163929926500945555e+01
2.200000000000000000e+05,9.799999999999999822e-01,8.366294012917688860e+01
2.800000000000000000e+05,9.799999999999999822e-01,9.725492818486583246e+01
3.600000000000000000e+05,9.799999999999999822e-01,1.144256669604629906e+02
4.600000000000000000e+05,9.799999999999999822e-01,1.348853572508383536e+02
6.000000000000000000e+05,9.799999999999999822e-01,1.623546249608105256e+02
7.700000000000000000e+05,9.799999999999999822e-01,1.945465082165455897e+02
1.000000000000000000e+06,9.799999999999999822e-01,2.367949756283992997e+02
1.300000000000000000e+06,9.799999999999999822e-01,2.905407889802167460e+02
1.700000000000000000e+06,9.799999999999999822e-01,3.611091178468018370e+02
2.200000000000000000e+06,9.799999999999999822e-01,4.491618071873415943e+02
2.800000000000000000e+06,9.799999999999999822e-01,5.561022772104142859e+02
3.600000000000000000e+06,9.799999999999999822e-01,7.015312877170179036e+02
4.600000000000000000e+06,9.799999999999999822e-01,8.855165075072220588e+02
6.000000000000000000e+06,9.799999999999999822e-01,1.139218943847564788e+03
7.700000000000000000e+06,9.799999999999999822e-01,1.431863704931324037e+03
1.000000000000000000e+07,9.799999999999999822e-01,1.795473722838141157e+03
1.300000000000000000e+07,9.799999999999999822e-01,2.215530334116968334e+03
1.700000000000000000e+07,9.799999999999999822e-01,2.686665500754383629e+03
2.200000000000000000e+07,9.799999999999999822e-01,3.150595671203941492e+03
2.800000000000000000e+07,9.799999999999999822e-01,3.574487594208182145e+03
3.600000000000000000e+07,9.799999999999999822e-01,4.011997458331134112e+03
4.600000000000000000e+07,9.799999999999999822e-01,4.417044628874712544e+03
6.000000000000000000e+07,9.799999999999999822e-01,4.597592746605751927e+03
7.700000000000000000e+07,9.799999999999999822e-01,3.972530508295791606e+03
1.000000000000000000e+08,9.799999999999999822e-01,1.804511988845103133e+03
1.300000000000000000e+08,9.799999999999999822e-01,-2.105577981041679323e+03
1.700000000000000000e+08,9.799999999999999822e-01,-7.084967477984367179e+03
2.200000000000000000e+08,9.799999999999999822e-01,-1.142535353669169126e+04
2.800000000000000000e+08,9.799999999999999822e-01,-1.393675971730077254e+04
3.600000000000000000e+08,9.799999999999999822e-01,-1.353130822569625889e+04
4.600000000000000000e+08,9.799999999999999822e-01,-6.562849864459263699e+03
6.000000000000000000e+08,9.799999999999999822e-01,1.944659859688023425e+04
7.700000000000000000e+08,9.799999999999999822e-01,8.406723277625378978e+04
1.000000000000000000e+09,9.799999999999999822e-01,2.369731272231016774e+05
1.300000000000000000e+09,9.799999999999999822e-01,5.473564172134564724e+05
1.700000000000000000e+09,9.799999999999999822e-01,1.128624110721617239e+06
2.200000000000000000e+09,9.799999999999999822e-01,2.062485292080281768e+06
2.800000000000000000e+09,9.799999999999999822e-01,3.402527574016904924e+06
3.600000000000000000e+09,9.799999999999999822e-01,5.447040154572834261e+06
4.600000000000000000e+09,9.799999999999999822e-01,8.280381366228528321e+06
6.000000000000000000e+09,9.799999999999999822e-01,1.257438770667965338e+07
7.700000000000000000e+09,9.799999999999999822e-01,1.809525800496609136e+07
1.000000000000000000e+10,9.799999999999999822e-01,2.586092811783128232e+07
1.300000000000000000e+10,9.799999999999999822e-01,3.625529640164478123e+07
1.700000000000000000e+10,9.799999999999999822e-01,5.033757304693455994e+07
2.200000000000000000e+10,9.799999999999999822e-01,6.810247093291284144e+07
2.800000000000000000e+10,9.799999999999999822e-01,8.952475893914940953e+07
3.600000000000000000e+10,9.799999999999999822e-01,1.181638703378206789e+08
4.600000000000000000e+10,9.799999999999999822e-01,1.540141976710279584e+08
6.000000000000000000e+10,9.799999999999999822e-01,2.042427046056666076e+08
7.700000000000000000e+10,9.799999999999999822e-01,2.652574764356292188e+08
1.000000000000000000e+11,9.799999999999999822e-01,3.478216172622030377e+08
1.300000000000000000e+11,9.799999999999999822e-01,4.555231092829710245e+08
1.700000000000000000e+11,9.799999999999999822e-01,5.991305363113782406e+08
2.200000000000000000e+11,9.799999999999999822e-01,7.786426659721146822e+08
2.800000000000000000e+11,9.799999999999999822e-01,9.940585405887597799e+08
3.600000000000000000e+11,9.799999999999999822e-01,1.281280370975318909e+09
4.600000000000000000e+11,9.799999999999999822e-01,1.640307933517045498e+09
6.000000000000000000e+11,9.799999999999999822e-01,2.142946582531070471e+09
7.700000000000000000e+11,9.799999999999999822e-01,2.753293460218844414e+09
1.000000000000000056e-01,9.899999999999999911e-01,6.204676980385348539e-01
2.000000000000000111e-01,9.899999999999999911e-01,8.878153025258268549e-01
5.000000000000000000e-01,9.899999999999999911e-01,1.128804576570362705e+00
1.000000000000000000e+00,9.899999999999999911e-01,1.239956567395160025e+00
1.300000000000000044e+00,9.899999999999999911e-01,1.285379016370783667e+00
1.699999999999999956e+00,9.899999999999999911e-01,1.337747181837136035e+00
2.200000000000000178e+00,9.899999999999999911e-01,1.394552251046077052e+00
2.799999999999999822e+00,9.899999999999999911e-01,1.453908233461630894e+00
3.600000000000000089e+00,9.899999999999999911e-01,1.522638080251147441e+00
4.599999999999999645e+00,9.899999999999999911e-01,1.596931290035659812e+00
6.000000000000000000e+00,9.899999999999999911e-01,1.691402692533608532e+00
7.700000000000000178e+00,9.899999999999999911e-01,1.784640993130634179e+00
1.000000000000000000e+01,9.899999999999999911e-01,1.892462944814050863e+00
1.300000000000000000e+01,9.899999999999999911e-01,2.011990961429664271e+00
1.700000000000000000e+01,9.899999999999999911e-01,2.146941507467913457e+00
2.200000000000000000e+01,9.899999999999999911e-01,2.289866846215657503e+00
2.800000000000000000e+01,9.899999999999999911e-01,2.436324641161201843e+00
3.600000000000000000e+01,9.899999999999999911e-01,2.603238569401264524e+00
4.600000000000000000e+01,9.899999999999999911e-01,2.781321679305566619e+00
6.000000000000000000e+01,9.899999999999999911e-01,2.992968922750788519e+00
7.700000000000000000e+01,9.899999999999999911e-01,3.210938689174217320e+00
1.000000000000000000e+02,9.899999999999999911e-01,3.461243944510220327e+00
1.300000000000000000e+02,9.899999999999999911e-01,3.737269778433244927e+00
1.700000000000000000e+02,9.899999999999999911e-01,4.047737802680517305e+00
2.200000000000000000e+02,9.899999999999999911e-01,4.375762156468886666e+00
2.800000000000000000e+02,9.899999999999999911e-01,4.711492262838829603e+00
3.600000000000000000e+02,9.899999999999999911e-01,5.094024543262896110e+00
4.600000000000000000e+02,9.899999999999999911e-01,5.502406413168981381e+00
6.000000000000000000e+02,9.899999999999999911e-01,5.988476272313235427e+00
7.700000000000000000e+02,9.899999999999999911e-01,6.490212302160302649e+00
1.000000000000000000e+03,9.899999999999999911e-01,7.068142477863538886e+00
1.300000000000000000e+03,9.899999999999999911e-01,7.707960998727503288e+00
1.700000000000000000e+03,9.899999999999999911e-01,8.431064814002660057e+00
2.200000000000000000e+03,9.899999999999999911e-01,9.199292002778971522e+00
2.800000000000000000e+03,9.899999999999999911e-01,9.990287094119381095e+00
3.600000000000000000e+03,9.899999999999999911e-01,1.089760276669749217e+01
4.600000000000000000e+03,9.899999999999999911e-01,1.187357132961958861e+01
6.000000000000000000e+03,9.899999999999999911e-01,1.304531201745297864e+01
7.700000000000000000e+03,9.899999999999999911e-01,1.426651074779099737e+01
1.000000000000000000e+04,9.899999999999999911e-01,1.568811387638912258e+01
1.300000000000000000e+04,9.899999999999999911e-01,1.728102640932065626e+01
1.700000000000000000e+04,9.899999999999999911e-01,1.910523082979699083e+01
2.200000000000000000e+04,9.899999999999999911e-01,2.107006416009305738e+01
2.800000000000000000e+04,9.899999999999999911e-01,2.312429076605059564e+01
3.600000000000000000e+04,9.899999999999999911e-01,2.553088720151801994e+01
4.600000000000000000e+04,9.899999999999999911e-01,2.820031553377650724e+01
6.000000000000000000e+04,9.899999999999999911e-01,3.137299732276829900e+01
7.700000000000000000e+04,9.899999999999999911e-01,3.480283385345102687e+01
1.000000000000000000e+05,9.899999999999999911e-01,3.888103747651143038e+01
1.300000000000000000e+05,9.899999999999999911e-01,4.355662203447042202e+01
1.700000000000000000e+05,9.899999999999999911e-01,4.907334024659933647e+01
2.200000000000000000e+05,9.899999999999999911e-01,5.523774125332321461e+01
2.800000000000000000e+05,9.899999999999999911e-01,6.191609437551964845e+01
3.600000000000000000e+05,9.899999999999999911e-01,6.997504779071857683e+01
4.600000000000000000e+05,9.899999999999999911e-01,7.911397748712262512e+01
6.000000000000000000e+05,9.899999999999999911e-01,9.076528229149444371e+01
7.700000000000000000e+05,9.899999999999999911e-01,1.037780321102059418e+02
1.000000000000000000e+06,9.899999999999999911e-01,1.201195925253457375e+02
1.300000000000000000e+06,9.899999999999999911e-01,1.398484925098437373e+02
1.700000000000000000e+06,9.899999999999999911e-01,1.637926670658507078e+02
2.200000000000000000e+06,9.899999999999999911e-01,1.903721778933570192e+02
2.800000000000000000e+06,9.899999999999999911e-01,2.182295705925854747e+02
3.600000000000000000e+06,9.899999999999999911e-01,2.505016953106046458e+02
4.600000000000000000e+06,9.899999999999999911e-01,2.862841874293881688e+02
6.000000000000000000e+06,9.899999999999999911e-01,3.328778295953805468e+02
7.700000000000000000e+06,9.899999999999999911e-01,3.884437034191182079e+02
1.000000000000000000e+07,9.899999999999999911e-01,4.640092016169051021e+02
1.300000000000000000e+07,9.899999999999999911e-01,5.602144580239947800e+02
1.700000000000000000e+07,9.899999999999999911e-01,6.783948965059233842e+02
2.200000000000000000e+07,9.899999999999999911e-01,8.185109018430138121e+02
2.800000000000000000e+07,9.899999999999999911e-01,1.020260114213345673e+03
3.600000000000000000e+07,9.899999999999999911e-01,1.448649236863733449e+03
4.600000000000000000e+07,9.899999999999999911e-01,2.376902255354259069e+03
6.000000000000000000e+07,9.899999999999999911e-01,4.512744867494451682e+03
7.700000000000000000e+07,9.899999999999999911e-01,8.264450452582323123e+03
1.000000000000000000e+08,9.899999999999999911e-01,1.463683908414067264e+04
1.300000000000000000e+08,9.899999999999999911e-01,2.361600620455143871e+04
1.700000000000000000e+08,9.899999999999999911e-01,3.434089435886947467e+04
2.200000000000000000e+08,9.899999999999999911e-01,4.360910254288175202e+04
2.800000000000000000e+08,9.899999999999999911e-01,4.819201943103282247e+04
3.600000000000000000e+08,9.899999999999999911e-01,4.514163386801339220e+04
4.600000000000000000e+08,9.899999999999999911e-01,3.090348118201360921e+04
6.000000000000000000e+08,9.899999999999999911e-01,-1.717769665327612074e+03
7.700000000000000000e+08,9.899999999999999911e-01,-5.467194584435504657e+04
1.000000000000000000e+09,9.899999999999999911e-01,-1.422882503842206206e+05
1.300000000000000000e+09,9.899999999999999911e-01,-2.732136747755022370e+05
1.700000000000000000e+09,9.899999999999999911e-01,-4.586601789973728009e+05
2.200000000000000000e+09,9.899999999999999911e-01,-6.878337992587233894e+05
2.800000000000000000e+09,9.899999999999999911e-01,-9.494542579421187984e+05
3.600000000000000000e+09,9.899999999999999911e-01,-1.284810887816143222e+06
4.600000000000000000e+09,9.899999999999999911e-01,-1.713531127306473441e+06
6.000000000000000000e+09,9.899999999999999911e-01,-2.385201552801886108e+06
7.700000000000000000e+09,9.899999999999999911e-01,-3.355043349111572839e+06
1.000000000000000000e+10,9.899999999999999911e-01,-4.934590795789412223e+06
1.300000000000000000e+10,9.899999999999999911e-01,-7.371817829219677486e+06
1.700000000000000000e+10,9.899999999999999911e-01,-1.109092022919647582e+07
2.200000000000000000e+10,9.899999999999999911e-01,-1.622387200193849578e+07
2.800000000000000000e+10,9.899999999999999911e-01,-2.281364589485714957e+07
3.600000000000000000e+10,9.899999999999999911e-01,-3.202480339870109037e+07
4.600000000000000000e+10,9.899999999999999911e-01,-4.392466598555073887e+07
6.000000000000000000e+10,9.899999999999999911e-01,-6.097169969786938280e+07
7.700000000000000000e+10,9.899999999999999911e-01,-8.199046324626497924e+07
1.000000000000000000e+11,9.899999999999999911e-01,-1.107095773674034178e+08
1.300000000000000000e+11,9.899999999999999911e-01,-1.484122988341274261e+08
1.700000000000000000e+11,9.899999999999999911e-01,-1.988891783249411881e+08
2.200000000000000000e+11,9.899999999999999911e-01,-2.621440232537063062e+08
2.800000000000000000e+11,9.899999999999999911e-01,-3.381622624560868740e+08
3.600000000000000000e+11,9.899999999999999911e-01,-4.396127706591495872e+08
4.600000000000000000e+11,9.899999999999999911e-01,-5.664989769450291395e+08
6.000000000000000000e+11,9.899999999999999911e-01,-7.442045428985314369e+08
7.700000000000000000e+11,9.899999999999999911e-01,-9.600381718134201765e+08
1.000000000000000056e-01,9.949999999999999956e-01,6.202416594044330989e-01
2.000000000000000111e-01,9.949999999999999956e-01,8.875209041507825525e-01
5.000000000000000000e-01,9.949999999999999956e-01,1.128443358167337429e+00
1.000000000000000000e+00,9.949999999999999956e-01,1.239314954765693866e+00
1.300000000000000044e+00,9.949999999999999956e-01,1.284536219902788545e+00
1.699999999999999956e+00,9.949999999999999956e-01,1.336638179474457955e+00
2.200000000000000178e+00,9.949999999999999956e-01,1.393120953437962939e+00
2.799999999999999822e+00,9.949999999999999956e-01,1.452105217806522353e+00
3.600000000000000089e+00,9.949999999999999956e-01,1.520361252292307563e+00
4.599999999999999645e+00,9.949999999999999956e-01,1.594090985187445852e+00
6.000000000000000000e+00,9.949999999999999956e-01,1.687798728599588793e+00
7.700000000000000178e+00,9.949999999999999956e-01,1.780177189949643690e+00
1.000000000000000000e+01,9.949999999999999956e-01,1.886905476798122372e+00
1.300000000000000000e+01,9.949999999999999956e-01,2.005097122412461186e+00
1.700000000000000000e+01,9.949999999999999956e-01,2.138383462742874386e+00
2.200000000000000000e+01,9.949999999999999956e-01,2.279367855794472764e+00
2.800000000000000000e+01,9.949999999999999956e-01,2.423647581209154911e+00
3.600000000000000000e+01,9.949999999999999956e-01,2.587847113181250602e+00
4.600000000000000000e+01,9.949999999999999956e-01,2.762762976241831758e+00
6.000000000000000000e+01,9.949999999999999956e-01,2.970283800597302903e+00
7.700000000000000000e+01,9.949999999999999956e-01,3.183594855459697115e+00
1.000000000000000000e+02,9.949999999999999956e-01,3.428041294768137792e+00
1.300000000000000000e+02,9.949999999999999956e-01,3.696979218045139959e+00
1.700000000000000000e+02,9.949999999999999956e-01,3.998694009482117728e+00
2.200000000000000000e+02,9.949999999999999956e-01,4.316577980744022547e+00
2.800000000000000000e+02,9.949999999999999956e-01,4.640986937372396426e+00
3.600000000000000000e+02,9.949999999999999956e-01,5.009466392332961426e+00
4.600000000000000000e+02,9.949999999999999956e-01,5.401500494360836235e+00
6.000000000000000000e+02,9.949999999999999956e-01,5.866317486476660292e+00
7.700000000000000000e+02,9.949999999999999956e-01,6.344088340061737163e+00
1.000000000000000000e+03,9.949999999999999956e-01,6.891888804007944458e+00
1.300000000000000000e+03,9.949999999999999956e-01,7.495236054420997718e+00
1.700000000000000000e+03,9.949999999999999956e-01,8.173234874892328250e+00
2.200000000000000000e+03,9.949999999999999956e-01,8.889088887665876015e+00
2.800000000000000000e+03,9.949999999999999956e-01,9.621433686624614623e+00
3.600000000000000000e+03,9.949999999999999956e-01,1.045566886587611855e+01
4.600000000000000000e+03,9.949999999999999956e-01,1.134623750909124951e+01
6.000000000000000000e+03,9.949999999999999956e-01,1.240636085572705660e+01
7.700000000000000000e+03,9.949999999999999956e-01,1.350092045911671512e+01
1.000000000000000000e+04,9.949999999999999956e-01,1.476211450226259281e+01
1.300000000000000000e+04,9.949999999999999956e-01,1.615896265933224285e+01
1.700000000000000000e+04,9.949999999999999956e-01,1.773762022904485391e+01
2.200000000000000000e+04,9.949999999999999956e-01,1.941185565866574336e+01
2.800000000000000000e+04,9.949999999999999956e-01,2.113117778494050114e+01
3.600000000000000000e+04,9.949999999999999956e-01,2.310731431454314233e+01
4.600000000000000000e+04,9.949999999999999956e-01,2.526721550157282792e+01
6.000000000000000000e+04,9.949999999999999956e-01,2.784876859741248367e+01
7.700000000000000000e+04,9.949999999999999956e-01,3.053804172926232141e+01
1.000000000000000000e+05,9.949999999999999956e-01,3.366863880463883163e+01
1.300000000000000000e+05,9.949999999999999956e-01,3.715857868787109197e+01
1.700000000000000000e+05,9.949999999999999956e-01,4.114073090669953814e+01
2.200000000000000000e+05,9.949999999999999956e-01,4.545320940365937190e+01
2.800000000000000000e+05,9.949999999999999956e-01,5.000783183169220791e+01
3.600000000000000000e+05,9.949999999999999956e-01,5.536457748692603786e+01
4.600000000000000000e+05,9.949999999999999956e-01,6.124576405830693915e+01
6.000000000000000000e+05,9.949999999999999956e-01,6.842160413551529530e+01
7.700000000000000000e+05,9.949999999999999956e-01,7.600837693884663793e+01
1.000000000000000000e+06,9.949999999999999956e-01,8.498950704648257215e+01
1.300000000000000000e+06,9.949999999999999956e-01,9.525220813121957519e+01
1.700000000000000000e+06,9.949999999999999956e-01,1.071026692528242279e+02
2.200000000000000000e+06,9.949999999999999956e-01,1.195180347622870016e+02
2.800000000000000000e+06,9.949999999999999956e-01,1.315464575905097888e+02
3.600000000000000000e+06,9.949999999999999956e-01,1.441401869309219421e+02
4.600000000000000000e+06,9.949999999999999956e-01,1.568859669274605722e+02
6.000000000000000000e+06,9.949999999999999956e-01,1.732627416527412834e+02
7.700000000000000000e+06,9.949999999999999956e-01,1.953275496597850633e+02
1.000000000000000000e+07,9.949999999999999956e-01,2.338691477493513560e+02
1.300000000000000000e+07,9.949999999999999956e-01,3.015825771958292307e+02
1.700000000000000000e+07,9.949999999999999956e-01,4.171037507133036115e+02
2.200000000000000000e+07,9.949999999999999956e-01,5.878121623854893869e+02
2.800000000000000000e+07,9.949999999999999956e-01,8.158069114113321803e+02
3.600000000000000000e+07,9.949999999999999956e-01,1.147651604533366253e+03
4.600000000000000000e+07,9.949999999999999956e-01,1.611550529121720047e+03
6.000000000000000000e+07,9.949999999999999956e-01,2.399278805403705974e+03
7.700000000000000000e+07,9.949999999999999956e-01,3.675119494539845618e+03
1.000000000000000000e+08,9.949999999999999956e-01,6.096245434729677982e+03
1.300000000000000000e+08,9.949999999999999956e-01,1.046360428379678160e+04
1.700000000000000000e+08,9.949999999999999956e-01,1.801719986881552541e+04
2.200000000000000000e+08,9.949999999999999956e-01,2.936347065258892690e+04
2.800000000000000000e+08,9.949999999999999956e-01,4.476469507158928172e+04
3.600000000000000000e+08,9.949999999999999956e-01,6.732368722066930786e+04
4.600000000000000000e+08,9.949999999999999956e-01,9.794155119912225928e+04
6.000000000000000000e+08,9.949999999999999956e-01,1.443293791487878188e+05
7.700000000000000000e+08,9.949999999999999956e-01,2.046763155626431690e+05
1.000000000000000000e+09,9.949999999999999956e-01,2.904937632692247862e+05
1.300000000000000000e+09,9.949999999999999956e-01,4.058401033300823183e+05
1.700000000000000000e+09,9.949999999999999956e-01,5.630305010812841356e+05
2.200000000000000000e+09,9.949999999999999956e-01,7.673961585943906102e+05
2.800000000000000000e+09,9.949999999999999956e-01,1.032378948414289625e+06
3.600000000000000000e+09,9.949999999999999956e-01,1.431716459298814414e+06
4.600000000000000000e+09,9.949999999999999956e-01,2.013763894965144107e+06
6.000000000000000000e+09,9.949999999999999956e-01,2.976376478222726379e+06
7.700000000000000000e+09,9.949999999999999956e-01,4.340289619525371119e+06
1.000000000000000000e+10,9.949999999999999956e-01,6.442613026311348192e+06
1.300000000000000000e+10,9.949999999999999956e-01,9.490021557134646922e+06
1.700000000000000000e+10,9.949999999999999956e-01,1.388675401829207502e+07
2.200000000000000000e+10,9.949999999999999956e-01,1.968728321195347980e+07
2.800000000000000000e+10,9.949999999999999956e-01,2.688613875208542868e+07
3.600000000000000000e+10,9.949999999999999956e-01,3.668866561986909807e+07
4.600000000000000000e+10,9.949999999999999956e-01,4.909955157860602438e+07
6.000000000000000000e+10,9.949999999999999956e-01,6.660439201410283893e+07
7.700000000000000000e+10,9.949999999999999956e-01,8.794293880669042468e+07
1.000000000000000000e+11,9.949999999999999956e-01,1.168633693351920992e+08
1.300000000000000000e+11,9.949999999999999956e-01,1.546094126954238713e+08
1.700000000000000000e+11,9.949999999999999956e-01,2.049400202042426765e+08
2.200000000000000000e+11,9.949999999999999956e-01,2.678418786402764022e+08
2.800000000000000000e+11,9.949999999999999956e-01,3.433071879592333436e+08
3.600000000000000000e+11,9.949999999999999956e-01,4.439070427883194089e+08
4.600000000000000000e+11,9.949999999999999956e-01,5.696361152580636740e+08
6.000000000000000000e+11,9.949999999999999956e-01,7.456347307149463892e+08
7.700000000000000000e+11,9.949999999999999956e-01,9.593285621649243832e+08
1.000000000000000056e-01,9.979999999999999982e-01,6.201060667488644818e-01
2.000000000000000111e-01,9.979999999999999982e-01,8.873443384363151054e-01
5.000000000000000000e-01,9.979999999999999982e-01,1.128227083785618534e+00
1.000000000000000000e+00,9.979999999999999982e-01,1.238931543364324650e+00
1.300000000000000044e+00,9.979999999999999982e-01,1.284032811127995943e+00
1.699999999999999956e+00,9.979999999999999982e-01,1.335976041355858124e+00
2.200000000000000178e+00,9.979999999999999982e-01,1.392266745109995041e+00
2.799999999999999822e+00,9.979999999999999982e-01,1.451029619182280239e+00
3.600000000000000089e+00,9.979999999999999982e-01,1.519003641944264293e+00
4.599999999999999645e+00,9.979999999999999982e-01,1.592398235030305198e+00
6.000000000000000000e+00,9.979999999999999982e-01,1.685652099248569735e+00
7.700000000000000178e+00,9.979999999999999982e-01,1.777520000292549973e+00
1.000000000000000000e+01,9.979999999999999982e-01,1.883599510901110774e+00
1.300000000000000000e+01,9.979999999999999982e-01,2.000999250391129358e+00
1.700000000000000000e+01,9.979999999999999982e-01,2.133300582272387391e+00
2.200000000000000000e+01,9.979999999999999982e-01,2.273137637979731451e+00
2.800000000000000000e+01,9.979999999999999982e-01,2.416131555271778808e+00
3.600000000000000000e+01,9.979999999999999982e-01,2.578730938602115330e+00
4.600000000000000000e+01,9.979999999999999982e-01,2.751782592146170714e+00
6.000000000000000000e+01,9.979999999999999982e-01,2.956878878780967224e+00
7.700000000000000000e+01,9.979999999999999982e-01,3.167457843747343738e+00
1.000000000000000000e+02,9.979999999999999982e-01,3.408475472379513427e+00
1.300000000000000000e+02,9.979999999999999982e-01,3.673274800532552842e+00
1.700000000000000000e+02,9.979999999999999982e-01,3.969891614581664729e+00
2.200000000000000000e+02,9.979999999999999982e-01,4.281885912571778086e+00
2.800000000000000000e+02,9.979999999999999982e-01,4.599737974723350220e+00
3.600000000000000000e+02,9.979999999999999982e-01,4.960103153116222963e+00
4.600000000000000000e+02,9.979999999999999982e-01,5.342729141154126893e+00
6.000000000000000000e+02,9.979999999999999982e-01,5.795360633747011825e+00
7.700000000000000000e+02,9.979999999999999982e-01,6.259446582434708972e+00
1.000000000000000000e+03,9.979999999999999982e-01,6.790117415729216788e+00
1.300000000000000000e+03,9.979999999999999982e-01,7.372830809629842719e+00
1.700000000000000000e+03,9.979999999999999982e-01,8.025448730284155729e+00
2.200000000000000000e+03,9.979999999999999982e-01,8.712003172363745662e+00
2.800000000000000000e+03,9.979999999999999982e-01,9.411732247337639023e+00
3.600000000000000000e+03,9.979999999999999982e-01,1.020558563364505744e+01
4.600000000000000000e+03,9.979999999999999982e-01,1.104929194659426628e+01
6.000000000000000000e+03,9.979999999999999982e-01,1.204864213322851185e+01
7.700000000000000000e+03,9.979999999999999982e-01,1.307483338238417581e+01
1.000000000000000000e+04,9.979999999999999982e-01,1.425022764603660619e+01
1.300000000000000000e+04,9.979999999999999982e-01,1.554329384738760211e+01
1.700000000000000000e+04,9.979999999999999982e-01,1.699352446252348159e+01
2.200000000000000000e+04,9.979999999999999982e-01,1.851783949378187444e+01
2.800000000000000000e+04,9.979999999999999982e-01,2.006625381696398236e+01
3.600000000000000000e+04,9.979999999999999982e-01,2.182293919635364077e+01
4.600000000000000000e+04,9.979999999999999982e-01,2.372033894563084644e+01
6.000000000000000000e+04,9.979999999999999982e-01,2.602248572370574564e+01
7.700000000000000000e+04,9.979999999999999982e-01,2.835320435302842412e+01
1.000000000000000000e+05,9.979999999999999982e-01,3.103634771666105152e+01
1.300000000000000000e+05,9.979999999999999982e-01,3.398228459253601130e+01
1.700000000000000000e+05,9.979999999999999982e-01,3.727172657700031522e+01
2.200000000000000000e+05,9.979999999999999982e-01,4.075166003752867994e+01
2.800000000000000000e+05,9.979999999999999982e-01,4.436167736495744407e+01
3.600000000000000000e+05,9.979999999999999982e-01,4.855233675551139783e+01
4.600000000000000000e+05,9.979999999999999982e-01,5.308903574717443519e+01
6.000000000000000000e+05,9.979999999999999982e-01,5.849951219539862279e+01
7.700000000000000000e+05,9.979999999999999982e-01,6.401350061202046504e+01
1.000000000000000000e+06,9.979999999999999982e-01,7.021284990070010679e+01
1.300000000000000000e+06,9.979999999999999982e-01,7.690064272624864827e+01
1.700000000000000000e+06,9.979999999999999982e-01,8.432897739463872711e+01
2.200000000000000000e+06,9.979999999999999982e-01,9.210735852878471519e+01
2.800000000000000000e+06,9.979999999999999982e-01,9.988928172566014041e+01
3.600000000000000000e+06,9.979999999999999982e-01,1.083498581415113620e+02
4.600000000000000000e+06,9.979999999999999982e-01,1.168871291426850831e+02
6.000000000000000000e+06,9.979999999999999982e-01,1.271020131603738719e+02
7.700000000000000000e+06,9.979999999999999982e-01,1.396499525014565108e+02
1.000000000000000000e+07,9.979999999999999982e-01,1.599063910170416705e+02
1.300000000000000000e+07,9.979999999999999982e-01,1.933579938361862389e+02
1.700000000000000000e+07,9.979999999999999982e-01,2.493703107003031221e+02
2.200000000000000000e+07,9.979999999999999982e-01,3.336634096007748553e+02
2.800000000000000000e+07,9.979999999999999982e-01,4.453314419250229435e+02
3.600000000000000000e+07,9.979999999999999982e-01,5.885044008953032062e+02
4.600000000000000000e+07,9.979999999999999982e-01,7.238583581132571680e+02
6.000000000000000000e+07,9.979999999999999982e-01,7.950630302145477799e+02
7.700000000000000000e+07,9.979999999999999982e-01,6.971447509579219286e+02
1.000000000000000000e+08,9.979999999999999982e-01,3.277916522238487005e+02
1.300000000000000000e+08,9.979999999999999982e-01,-3.476932760881108493e+02
1.700000000000000000e+08,9.979999999999999982e-01,-1.223742153627772041e+03
2.200000000000000000e+08,9.979999999999999982e-01,-1.910642504477675629e+03
2.800000000000000000e+08,9.979999999999999982e-01,-1.999642452980991948e+03
3.600000000000000000e+08,9.979999999999999982e-01,-1.147587538070042456e+03
4.600000000000000000e+08,9.979999999999999982e-01,6.803701806592774801e+02
6.000000000000000000e+08,9.979999999999999982e-01,3.164152489803130265e+03
7.700000000000000000e+08,9.979999999999999982e-01,4.434585647847643486e+03
1.000000000000000000e+09,9.979999999999999982e-01,1.790385795849687611e+03
1.300000000000000000e+09,9.979999999999999982e-01,-9.241346474390575167e+03
1.700000000000000000e+09,9.979999999999999982e-01,-3.521832244063998223e+04
2.200000000000000000e+09,9.979999999999999982e-01,-8.164947989828859863e+04
2.800000000000000000e+09,9.979999999999999982e-01,-1.527303361586241808e+05
3.600000000000000000e+09,9.979999999999999982e-01,-2.669844692358133616e+05
4.600000000000000000e+09,9.979999999999999982e-01,-4.330804683846480330e+05
6.000000000000000000e+09,9.979999999999999982e-01,-6.972985867449577199e+05
7.700000000000000000e+09,9.979999999999999982e-01,-1.054883081054412760e+06
1.000000000000000000e+10,9.979999999999999982e-01,-1.588002385427582543e+06
1.300000000000000000e+10,9.979999999999999982e-01,-2.352400259344363119e+06
1.700000000000000000e+10,9.979999999999999982e-01,-3.471898757990223821e+06
2.200000000000000000e+10,9.979999999999999982e-01,-5.003022032508940436e+06
2.800000000000000000e+10,9.979999999999999982e-01,-6.994386011048330925e+06
3.600000000000000000e+10,9.979999999999999982e-01,-9.850560489971956238e+06
4.600000000000000000e+10,9.979999999999999982e-01,-1.365996538147064671e+07
6.000000000000000000e+10,9.979999999999999982e-01,-1.930558464038979635e+07
7.700000000000000000e+10,9.979999999999999982e-01,-2.648872559112641588e+07
1.000000000000000000e+11,9.979999999999999982e-01,-3.656902890783641487e+07
1.300000000000000000e+11,9.979999999999999982e-01,-5.009562609023135900e+07
1.700000000000000000e+11,9.979999999999999982e-01,-6.851234578828963637e+07
2.200000000000000000e+11,9.979999999999999982e-01,-9.187122225363628566e+07
2.800000000000000000e+11,9.979999999999999982e-01,-1.201707725144928098e+08
3.600000000000000000e+11,9.979999999999999982e-01,-1.581473553769541383e+08
4.600000000000000000e+11,9.979999999999999982e-01,-2.058249338386195600e+08
6.000000000000000000e+11,9.979999999999999982e-01,-2.727691218365843296e+08
7.700000000000000000e+11,9.979999999999999982e-01,-3.542116136396380067e+08
1.000000000000000056e-01,9.989999999999999991e-01,6.200608742952664620e-01
2.000000000000000111e-01,9.989999999999999991e-01,8.872854954183229115e-01
5.000000000000000000e-01,9.989999999999999991e-01,1.128155068238358316e+00
1.000000000000000000e+00,9.989999999999999991e-01,1.238803998241158055e+00
1.300000000000000044e+00,9.989999999999999991e-01,1.283865385336603770e+00
1.699999999999999956e+00,9.989999999999999991e-01,1.335755870903478915e+00
2.200000000000000178e+00,9.989999999999999991e-01,1.391982768232595813e+00
2.799999999999999822e+00,9.989999999999999991e-01,1.450672117802115357e+00
3.600000000000000089e+00,9.989999999999999991e-01,1.518552514176630286e+00
4.599999999999999645e+00,9.989999999999999991e-01,1.591835882563922722e+00
6.000000000000000000e+00,9.989999999999999991e-01,1.684939169165945660e+00
7.700000000000000178e+00,9.989999999999999991e-01,1.776637768580115351e+00
1.000000000000000000e+01,9.989999999999999991e-01,1.882502249335505917e+00
1.300000000000000000e+01,9.989999999999999991e-01,1.999639660807173813e+00
1.700000000000000000e+01,9.989999999999999991e-01,2.131614890963920317e+00
2.200000000000000000e+01,9.989999999999999991e-01,2.271072347268069613e+00
2.800000000000000000e+01,9.989999999999999991e-01,2.413641133713599007e+00
3.600000000000000000e+01,9.989999999999999991e-01,2.575711832486049957e+00
4.600000000000000000e+01,9.989999999999999991e-01,2.748148036949457751e+00
6.000000000000000000e+01,9.989999999999999991e-01,2.952444589484967796e+00
7.700000000000000000e+01,9.989999999999999991e-01,3.162123236540219207e+00
1.000000000000000000e+02,9.989999999999999991e-01,3.402012125784240837e+00
1.300000000000000000e+02,9.989999999999999991e-01,3.665450635950924241e+00
1.700000000000000000e+02,9.989999999999999991e-01,3.960393324605172793e+00
2.200000000000000000e+02,9.989999999999999991e-01,4.270456188819897747e+00
2.800000000000000000e+02,9.989999999999999991e-01,4.586161081242008386e+00
3.600000000000000000e+02,9.989999999999999991e-01,4.943873179122250328e+00
4.600000000000000000e+02,9.989999999999999991e-01,5.323428208087041646e+00
6.000000000000000000e+02,9.989999999999999991e-01,5.772089654153512939e+00
7.700000000000000000e+02,9.989999999999999991e-01,6.231726222462728337e+00
1.000000000000000000e+03,9.989999999999999991e-01,6.756840096633837334e+00
1.300000000000000000e+03,9.989999999999999991e-01,7.332876355505107746e+00
1.700000000000000000e+03,9.989999999999999991e-01,7.977303567371565762e+00
2.200000000000000000e+03,9.989999999999999991e-01,8.654430774277972915e+00
2.800000000000000000e+03,9.989999999999999991e-01,9.343697666174959338e+00
3.600000000000000000e+03,9.989999999999999991e-01,1.012464004294954734e+01
4.600000000000000000e+03,9.989999999999999991e-01,1.095341673632726476e+01
6.000000000000000000e+03,9.989999999999999991e-01,1.193348321915104293e+01
7.700000000000000000e+03,9.989999999999999991e-01,1.293807593915314591e+01
1.000000000000000000e+04,9.989999999999999991e-01,1.408649469995605230e+01
1.300000000000000000e+04,9.989999999999999991e-01,1.534710923547595485e+01
1.700000000000000000e+04,9.989999999999999991e-01,1.675743444347628142e+01
2.200000000000000000e+04,9.989999999999999991e-01,1.823551613303086327e+01
2.800000000000000000e+04,9.989999999999999991e-01,1.973158874425923059e+01
3.600000000000000000e+04,9.989999999999999991e-01,2.142118754192109620e+01
4.600000000000000000e+04,9.989999999999999991e-01,2.323783471267028489e+01
6.000000000000000000e+04,9.989999999999999991e-01,2.545749074834721526e+01
7.700000000000000000e+04,9.989999999999999991e-01,2.768118369904512477e+01
1.000000000000000000e+05,9.989999999999999991e-01,3.023248814427151743e+01
1.300000000000000000e+05,9.989999999999999991e-01,3.302117179537962954e+01
1.700000000000000000e+05,9.989999999999999991e-01,3.611319979692679283e+01
2.200000000000000000e+05,9.989999999999999991e-01,3.935635530396817927e+01
2.800000000000000000e+05,9.989999999999999991e-01,4.269753330752544684e+01
3.600000000000000000e+05,9.989999999999999991e-01,4.655986205674137324e+01
4.600000000000000000e+05,9.989999999999999991e-01,5.072887754516158054e+01
6.000000000000000000e+05,9.989999999999999991e-01,5.567627557798020632e+01
7.700000000000000000e+05,9.989999999999999991e-01,6.066657372631357958e+01
1.000000000000000000e+06,9.989999999999999991e-01,6.617616235897509114e+01
1.300000000000000000e+06,9.989999999999999991e-01,7.196808730112736896e+01
1.700000000000000000e+06,9.989999999999999991e-01,7.824971014037447503e+01
2.200000000000000000e+06,9.989999999999999991e-01,8.479653511950479583e+01
2.800000000000000000e+06,9.989999999999999991e-01,9.148924855816214574e+01
3.600000000000000000e+06,9.989999999999999991e-01,9.906209481255451976e+01
4.600000000000000000e+06,9.989999999999999991e-01,1.069629847702472460e+02
6.000000000000000000e+06,9.989999999999999991e-01,1.162277974118447901e+02
7.700000000000000000e+06,9.989999999999999991e-01,1.266505067813587999e+02
1.000000000000000000e+07,9.989999999999999991e-01,1.421060252218782409e+02
1.300000000000000000e+07,9.989999999999999991e-01,1.663077274801778174e+02
1.700000000000000000e+07,9.989999999999999991e-01,2.050639970284690605e+02
2.200000000000000000e+07,9.989999999999999991e-01,2.617734184280917020e+02
2.800000000000000000e+07,9.989999999999999991e-01,3.372219213759035483e+02
3.600000000000000000e+07,9.989999999999999991e-01,4.376437051941190930e+02
4.600000000000000000e+07,9.989999999999999991e-01,5.430249784236470987e+02
6.000000000000000000e+07,9.989999999999999991e-01,6.362410874025958947e+02
7.700000000000000000e+07,9.989999999999999991e-01,6.782150959096520637e+02
1.000000000000000000e+08,9.989999999999999991e-01,6.723924389539029107e+02
1.300000000000000000e+08,9.989999999999999991e-01,6.581605538250524887e+02
1.700000000000000000e+08,9.989999999999999991e-01,7.461086529489629129e+02
2.200000000000000000e+08,9.989999999999999991e-01,1.118565245181660430e+03
2.800000000000000000e+08,9.989999999999999991e-01,1.975590757967931495e+03
3.600000000000000000e+08,9.989999999999999991e-01,3.727498296091999691e+03
4.600000000000000000e+08,9.989999999999999991e-01,6.620318001690539859e+03
6.000000000000000000e+08,9.989999999999999991e-01,1.130047096031381625e+04
7.700000000000000000e+08,9.989999999999999991e-01,1.690041737146263040e+04
1.000000000000000000e+09,9.989999999999999991e-01,2.285906089248778517e+04
1.300000000000000000e+09,9.989999999999999991e-01,2.661895799284128225e+04
1.700000000000000000e+09,9.989999999999999991e-01,2.480126513702945158e+04
2.200000000000000000e+09,9.989999999999999991e-01,1.436855625210700964e+04
2.800000000000000000e+09,9.989999999999999991e-01,-5.253600786344647531e+03
3.600000000000000000e+09,9.989999999999999991e-01,-3.685407056754553923e+04
4.600000000000000000e+09,9.989999999999999991e-01,-7.864893040524546814e+04
6.000000000000000000e+09,9.989999999999999991e-01,-1.361521083141022245e+05
7.700000000000000000e+09,9.989999999999999991e-01,-2.034761165364825283e+05
1.000000000000000000e+10,9.989999999999999991e-01,-2.939825706675810507e+05
1.300000000000000000e+10,9.989999999999999991e-01,-4.168489008340679575e+05
1.700000000000000000e+10,9.989999999999999991e-01,-5.903785371240198147e+05
2.200000000000000000e+10,9.989999999999999991e-01,-8.129099268400380388e+05
2.800000000000000000e+10,9.989999999999999991e-01,-1.070120980070664780e+06
3.600000000000000000e+10,9.989999999999999991e-01,-1.375797223880694481e+06
4.600000000000000000e+10,9.989999999999999991e-01,-1.687113250453412766e+06
6.000000000000000000e+10,9.989999999999999991e-01,-2.001801239608641947e+06
7.700000000000000000e+10,9.989999999999999991e-01,-2.234599637841098476e+06
1.000000000000000000e+11,9.989999999999999991e-01,-2.366651626741232350e+06
1.300000000000000000e+11,9.989999999999999991e-01,-2.333881411147972569e+06
1.700000000000000000e+11,9.989999999999999991e-01,-2.072263586036387598e+06
2.200000000000000000e+11,9.989999999999999991e-01,-1.543377965576063376e+06
2.800000000000000000e+11,9.989999999999999991e-01,-7.419912561684967950e+05
3.600000000000000000e+11,9.989999999999999991e-01,4.826391212544656009e+05
4.600000000000000000e+11,9.989999999999999991e-01,2.149494519841618836e+06
6.000000000000000000e+11,9.989999999999999991e-01,4.614784185090019368e+06
7.700000000000000000e+11,9.989999999999999991e-01,7.713411454397011548e+06
1.000000000000000056e-01,1.000000000000000000e+00,6.200156843941255769e-01
2.000000000000000111e-01,1.000000000000000000e+00,8.872266585110932802e-01
5.000000000000000000e-01,1.000000000000000000e+00,1.128083090592820081e+00
1.000000000000000000e+00,1.000000000000000000e+00,1.238676582265850090e+00
1.300000000000000044e+00,1.000000000000000000e+00,1.283698147818871149e+00
1.699999999999999956e+00,1.000000000000000000e+00,1.335535971123747778e+00
2.200000000000000178e+00,1.000000000000000000e+00,1.391699170283005715e+00
2.799999999999999822e+00,1.000000000000000000e+00,1.450315131158358417e+00
3.600000000000000089e+00,1.000000000000000000e+00,1.518102089418542189e+00
4.599999999999999645e+00,1.000000000000000000e+00,1.591274476701357132e+00
6.000000000000000000e+00,1.000000000000000000e+00,1.684227542318616377e+00
7.700000000000000178e+00,1.000000000000000000e+00,1.775757281171367774e+00
1.000000000000000000e+01,1.000000000000000000e+00,1.881407344237900903e+00
1.300000000000000000e+01,1.000000000000000000e+00,1.998283244685728821e+00
1.700000000000000000e+01,1.000000000000000000e+00,2.129933485311209296e+00
2.200000000000000000e+01,1.000000000000000000e+00,2.269012758375990035e+00
2.800000000000000000e+01,1.000000000000000000e+00,2.411158140538401717e+00
3.600000000000000000e+01,1.000000000000000000e+00,2.572702490073888626e+00
4.600000000000000000e+01,1.000000000000000000e+00,2.744526203355797556e+00
6.000000000000000000e+01,1.000000000000000000e+00,2.948027214638404114e+00
7.700000000000000000e+01,1.000000000000000000e+00,3.156810693182920957e+00
1.000000000000000000e+02,1.000000000000000000e+00,3.395577882006075132e+00
1.300000000000000000e+02,1.000000000000000000e+00,3.657664844741275179e+00
1.700000000000000000e+02,1.000000000000000000e+00,3.950945880779902275e+00
2.200000000000000000e+02,1.000000000000000000e+00,4.259093030627527199e+00
2.800000000000000000e+02,1.000000000000000000e+00,4.572669752409670885e+00
3.600000000000000000e+02,1.000000000000000000e+00,4.927754270122932212e+00
4.600000000000000000e+02,1.000000000000000000e+00,5.304270415230253555e+00
6.000000000000000000e+02,1.000000000000000000e+00,5.749006994039288720e+00
7.700000000000000000e+02,1.000000000000000000e+00,6.204249357367892515e+00
1.000000000000000000e+03,1.000000000000000000e+00,6.723881318666471429e+00
1.300000000000000000e+03,1.000000000000000000e+00,7.293338827153587722e+00
1.700000000000000000e+03,1.000000000000000000e+00,7.929707157771056281e+00
2.200000000000000000e+03,1.000000000000000000e+00,8.597572702286004898e+00
2.800000000000000000e+03,1.000000000000000000e+00,9.276576940649956526e+00
3.600000000000000000e+03,1.000000000000000000e+00,1.004487534372826474e+01
4.600000000000000000e+03,1.000000000000000000e+00,1.085905740646080453e+01
6.000000000000000000e+03,1.000000000000000000e+00,1.182031098488628906e+01
7.700000000000000000e+03,1.000000000000000000e+00,1.280387911269937007e+01
1.000000000000000000e+04,1.000000000000000000e+00,1.392610252474600507e+01
1.300000000000000000e+04,1.000000000000000000e+00,1.515529044044022555e+01
1.700000000000000000e+04,1.000000000000000000e+00,1.652709386072723774e+01
2.200000000000000000e+04,1.000000000000000000e+00,1.796071871873652270e+01
2.800000000000000000e+04,1.000000000000000000e+00,1.940665394914150355e+01
3.600000000000000000e+04,1.000000000000000000e+00,2.103208256665952192e+01
4.600000000000000000e+04,1.000000000000000000e+00,2.277124558145204958e+01
6.000000000000000000e+04,1.000000000000000000e+00,2.491320345445310025e+01
7.700000000000000000e+04,1.000000000000000000e+00,2.703563125598284600e+01
1.000000000000000000e+05,1.000000000000000000e+00,2.946294687522071243e+01
1.300000000000000000e+05,1.000000000000000000e+00,3.210527204302314175e+01
1.700000000000000000e+05,1.000000000000000000e+00,3.501526279735202252e+01
2.200000000000000000e+05,1.000000000000000000e+00,3.804048336770070904e+01
2.800000000000000000e+05,1.000000000000000000e+00,4.113363610619818900e+01
3.600000000000000000e+05,1.000000000000000000e+00,4.469355872241008143e+01
4.600000000000000000e+05,1.000000000000000000e+00,4.852832083413846931e+01
6.000000000000000000e+05,1.000000000000000000e+00,5.306561728420749802e+01
7.700000000000000000e+05,1.000000000000000000e+00,5.760532421893243082e+01
1.000000000000000000e+06,1.000000000000000000e+00,6.253211778055235470e+01
1.300000000000000000e+06,1.000000000000000000e+00,6.756505216684976745e+01
1.700000000000000000e+06,1.000000000000000000e+00,7.284580873042074245e+01
2.200000000000000000e+06,1.000000000000000000e+00,7.826378541514112896e+01
2.800000000000000000e+06,1.000000000000000000e+00,8.390843632549253073e+01
3.600000000000000000e+06,1.000000000000000000e+00,9.062030309080820700e+01
4.600000000000000000e+06,1.000000000000000000e+00,9.804432590431024153e+01
6.000000000000000000e+06,1.000000000000000000e+00,1.069608036492462020e+02
7.700000000000000000e+06,1.000000000000000000e+00,1.163788469444758675e+02
1.000000000000000000e+07,1.000000000000000000e+00,1.288374044706488633e+02
1.300000000000000000e+07,1.000000000000000000e+00,1.471090021209783743e+02
1.700000000000000000e+07,1.000000000000000000e+00,1.758739557587593936e+02
2.200000000000000000e+07,1.000000000000000000e+00,2.174959506230674435e+02
2.800000000000000000e+07,1.000000000000000000e+00,2.731129655065972202e+02
3.600000000000000000e+07,1.000000000000000000e+00,3.512456302759899813e+02
4.600000000000000000e+07,1.000000000000000000e+00,4.455649572373985166e+02
6.000000000000000000e+07,1.000000000000000000e+00,5.605952668046229519e+02
7.700000000000000000e+07,1.000000000000000000e+00,6.783724439273432836e+02
1.000000000000000000e+08,1.000000000000000000e+00,8.357479377058774617e+02
1.300000000000000000e+08,1.000000000000000000e+00,1.103365768636426992e+03
1.700000000000000000e+08,1.000000000000000000e+00,1.628735956270678571e+03
2.200000000000000000e+08,1.000000000000000000e+00,2.533532088076197851e+03
2.800000000000000000e+08,1.000000000000000000e+00,3.855531685441916579e+03
3.600000000000000000e+08,1.000000000000000000e+00,5.798279527170492656e+03
4.600000000000000000e+08,1.000000000000000000e+00,8.284281759343148224e+03
6.000000000000000000e+08,1.000000000000000000e+00,1.166785632231918316e+04
7.700000000000000000e+08,1.000000000000000000e+00,1.555718384167246404e+04
1.000000000000000000e+09,1.000000000000000000e+00,2.055037060043654492e+04
1.300000000000000000e+09,1.000000000000000000e+00,2.694464878798658174e+04
1.700000000000000000e+09,1.000000000000000000e+00,3.584569989772349072e+04
2.200000000000000000e+09,1.000000000000000000e+00,4.824612403116981295e+04
2.800000000000000000e+09,1.000000000000000000e+00,6.556419093156566669e+04
3.600000000000000000e+09,1.000000000000000000e+00,9.305675205839192495e+04
4.600000000000000000e+09,1.000000000000000000e+00,1.337585611238471174e+05
6.000000000000000000e+09,1.000000000000000000e+00,1.994324269235721149e+05
7.700000000000000000e+09,1.000000000000000000e+00,2.872604362795269117e+05
1.000000000000000000e+10,1.000000000000000000e+00,4.125631537716576131e+05
1.300000000000000000e+10,1.000000000000000000e+00,5.801752606316508027e+05
1.700000000000000000e+10,1.000000000000000000e+00,8.067442737053054152e+05
2.200000000000000000e+10,1.000000000000000000e+00,1.093646820027582347e+06
2.800000000000000000e+10,1.000000000000000000e+00,1.442240693487882847e+06
3.600000000000000000e+10,1.000000000000000000e+00,1.910990734312362270e+06
4.600000000000000000e+10,1.000000000000000000e+00,2.497818747659795918e+06
6.000000000000000000e+10,1.000000000000000000e+00,3.314041751204776112e+06
7.700000000000000000e+10,1.000000000000000000e+00,4.291685041034407914e+06
1.000000000000000000e+11,1.000000000000000000e+00,5.588029448166230693e+06
1.300000000000000000e+11,1.000000000000000000e+00,7.234839134044361301e+06
1.700000000000000000e+11,1.000000000000000000e+00,9.364046217742441222e+06
2.200000000000000000e+11,1.000000000000000000e+00,1.194451879235482588e+07
2.800000000000000000e+11,1.000000000000000000e+00,1.495998263864843920e+07
3.600000000000000000e+11,1.000000000000000000e+00,1.889446364852295816e+07
4.600000000000000000e+11,1.000000000000000000e+00,2.373128144759029895e+07
6.000000000000000000e+11,1.000000000000000000e+00,3.042005484340128675e+07
7.700000000000000000e+11,1.000000000000000000e+00,3.847402557345795631e+07
