1.000000000000000056e-01,8.000000000000000444e-01,0.000000000000000000e+00
2.000000000000000111e-01,8.000000000000000444e-01,0.000000000000000000e+00
5.000000000000000000e-01,8.000000000000000444e-01,0.000000000000000000e+00
1.000000000000000000e+00,8.000000000000000444e-01,0.000000000000000000e+00
1.300000000000000044e+00,8.000000000000000444e-01,0.000000000000000000e+00
1.699999999999999956e+00,8.000000000000000444e-01,0.000000000000000000e+00
2.200000000000000178e+00,8.000000000000000444e-01,0.000000000000000000e+00
2.799999999999999822e+00,8.000000000000000444e-01,0.000000000000000000e+00
3.600000000000000089e+00,8.000000000000000444e-01,0.000000000000000000e+00
4.599999999999999645e+00,8.000000000000000444e-01,0.000000000000000000e+00
6.000000000000000000e+00,8.000000000000000444e-01,0.000000000000000000e+00
7.700000000000000178e+00,8.000000000000000444e-01,0.000000000000000000e+00
1.000000000000000000e+01,8.000000000000000444e-01,0.000000000000000000e+00
1.300000000000000000e+01,8.000000000000000444e-01,0.000000000000000000e+00
1.700000000000000000e+01,8.000000000000000444e-01,0.000000000000000000e+00
2.200000000000000000e+01,8.000000000000000444e-01,0.000000000000000000e+00
2.800000000000000000e+01,8.000000000000000444e-01,0.000000000000000000e+00
3.600000000000000000e+01,8.000000000000000444e-01,0.000000000000000000e+00
4.600000000000000000e+01,8.000000000000000444e-01,0.000000000000000000e+00
6.000000000000000000e+01,8.000000000000000444e-01,0.000000000000000000e+00
7.700000000000000000e+01,8.000000000000000444e-01,0.000000000000000000e+00
1.000000000000000000e+02,8.000000000000000444e-01,0.000000000000000000e+00
1.300000000000000000e+02,8.000000000000000444e-01,0.000000000000000000e+00
1.700000000000000000e+02,8.000000000000000444e-01,0.000000000000000000e+00
2.200000000000000000e+02,8.000000000000000444e-01,0.000000000000000000e+00
2.800000000000000000e+02,8.000000000000000444e-01,0.000000000000000000e+00
3.600000000000000000e+02,8.000000000000000444e-01,0.000000000000000000e+00
4.600000000000000000e+02,8.000000000000000444e-01,0.000000000000000000e+00
6.000000000000000000e+02,8.000000000000000444e-01,0.000000000000000000e+00
7.700000000000000000e+02,8.000000000000000444e-01,0.000000000000000000e+00
1.000000000000000000e+03,8.000000000000000444e-01,0.000000000000000000e+00
1.300000000000000000e+03,8.000000000000000444e-01,2.748771199808649257e+01
1.700000000000000000e+03,8.000000000000000444e-01,3.393959579740921839e+01
2.200000000000000000e+03,8.000000000000000444e-01,4.180135316226241571e+01
2.800000000000000000e+03,8.000000000000000444e-01,5.113326311962648418e+01
3.600000000000000000e+03,8.000000000000000444e-01,6.333953392520093928e+01
4.600000000000000000e+03,8.000000000000000444e-01,7.839093207271452002e+01
6.000000000000000000e+03,8.000000000000000444e-01,9.931157479786892850e+01
7.700000000000000000e+03,8.000000000000000444e-01,1.243633951456261144e+02
1.000000000000000000e+04,8.000000000000000444e-01,1.579030173527489183e+02
1.300000000000000000e+04,8.000000000000000444e-01,2.013920450672724769e+02
1.700000000000000000e+04,8.000000000000000444e-01,2.590881154662107519e+02
2.200000000000000000e+04,8.000000000000000444e-01,3.309295935948720171e+02
2.800000000000000000e+04,8.000000000000000444e-01,4.167215897910565445e+02
3.600000000000000000e+04,8.000000000000000444e-01,5.306863784412349787e+02
4.600000000000000000e+04,8.000000000000000444e-01,6.726109810560997175e+02
6.000000000000000000e+04,8.000000000000000444e-01,8.708171304169929954e+02
7.700000000000000000e+04,8.000000000000000444e-01,1.111142461054947489e+03
1.000000000000000000e+05,8.000000000000000444e-01,1.435715974663770339e+03
1.300000000000000000e+05,8.000000000000000444e-01,1.858388861728935808e+03
1.700000000000000000e+05,8.000000000000000444e-01,2.421154266686922256e+03
2.200000000000000000e+05,8.000000000000000444e-01,3.124013726643207974e+03
2.800000000000000000e+05,8.000000000000000444e-01,3.966911597099782284e+03
3.600000000000000000e+05,8.000000000000000444e-01,5.089818995372813333e+03
4.600000000000000000e+05,8.000000000000000444e-01,6.492248846523086286e+03
6.000000000000000000e+05,8.000000000000000444e-01,8.454898167934083176e+03
7.700000000000000000e+05,8.000000000000000444e-01,1.083722313267694881e+04
1.000000000000000000e+06,8.000000000000000444e-01,1.405925311322535890e+04
1.300000000000000000e+06,8.000000000000000444e-01,1.826040868226753082e+04
1.700000000000000000e+06,8.000000000000000444e-01,2.386066298900175025e+04
2.200000000000000000e+06,8.000000000000000444e-01,3.085952697865321170e+04
2.800000000000000000e+06,8.000000000000000444e-01,3.925620998908586625e+04
3.600000000000000000e+06,8.000000000000000444e-01,5.045115238164681796e+04
4.600000000000000000e+06,8.000000000000000444e-01,6.444235197123747639e+04
6.000000000000000000e+06,8.000000000000000444e-01,8.402862563085445436e+04
7.700000000000000000e+06,8.000000000000000444e-01,1.078096687577957055e+05
1.000000000000000000e+07,8.000000000000000444e-01,1.399814077477375104e+05
1.300000000000000000e+07,8.000000000000000444e-01,1.819431962643669976e+05
1.700000000000000000e+07,8.000000000000000444e-01,2.378888357894130750e+05
2.200000000000000000e+07,8.000000000000000444e-01,3.078133749385416158e+05
2.800000000000000000e+07,8.000000000000000444e-01,3.917220572145039332e+05
3.600000000000000000e+07,8.000000000000000444e-01,5.036044227834212361e+05
4.600000000000000000e+07,8.000000000000000444e-01,6.434464406471666880e+05
6.000000000000000000e+07,8.000000000000000444e-01,8.392284156188158086e+05
7.700000000000000000e+07,8.000000000000000444e-01,1.076951909277086612e+06
1.000000000000000000e+08,8.000000000000000444e-01,1.398579249725540401e+06
1.300000000000000000e+08,8.000000000000000444e-01,1.818076794075200567e+06
1.700000000000000000e+08,8.000000000000000444e-01,2.377416137137650978e+06
2.200000000000000000e+08,8.000000000000000444e-01,3.076587973923823796e+06
2.800000000000000000e+08,8.000000000000000444e-01,3.915550412547589280e+06
3.600000000000000000e+08,8.000000000000000444e-01,5.034191292032209225e+06
4.600000000000000000e+08,8.000000000000000444e-01,6.432489143412670121e+06
6.000000000000000000e+08,8.000000000000000444e-01,8.390074076651781797e+06
7.700000000000000000e+08,8.000000000000000444e-01,1.076717309817303158e+07
1.000000000000000000e+09,8.000000000000000444e-01,1.398319518747971021e+07
1.300000000000000000e+09,8.000000000000000444e-01,1.817802364447168633e+07
1.700000000000000000e+09,8.000000000000000444e-01,2.377113022056061029e+07
2.200000000000000000e+09,8.000000000000000444e-01,3.076252033117586002e+07
2.800000000000000000e+09,8.000000000000000444e-01,3.915220886471729726e+07
3.600000000000000000e+09,8.000000000000000444e-01,5.033851772232275456e+07
4.600000000000000000e+09,8.000000000000000444e-01,6.432150154600924999e+07
6.000000000000000000e+09,8.000000000000000444e-01,8.389807717762668431e+07
7.700000000000000000e+09,8.000000000000000444e-01,1.076702561688647866e+08
1.000000000000000000e+10,8.000000000000000444e-01,1.398321914127456248e+08
1.300000000000000000e+10,8.000000000000000444e-01,1.817822624148861170e+08
1.700000000000000000e+10,8.000000000000000444e-01,2.377163206446231902e+08
2.200000000000000000e+10,8.000000000000000444e-01,3.076320794627669454e+08
2.800000000000000000e+10,8.000000000000000444e-01,3.915325920076634288e+08
3.600000000000000000e+10,8.000000000000000444e-01,5.033974333904117942e+08
4.600000000000000000e+10,8.000000000000000444e-01,6.432307312376859188e+08
6.000000000000000000e+10,8.000000000000000444e-01,8.389961700342810154e+08
7.700000000000000000e+10,8.000000000000000444e-01,1.076711260410979986e+09
1.000000000000000000e+11,8.000000000000000444e-01,1.398326403328524351e+09
1.300000000000000000e+11,8.000000000000000444e-01,1.817824498844320059e+09
1.700000000000000000e+11,8.000000000000000444e-01,2.377155017359724998e+09
2.200000000000000000e+11,8.000000000000000444e-01,3.076316859256417274e+09
2.800000000000000000e+11,8.000000000000000444e-01,3.915313854740773201e+09
3.600000000000000000e+11,8.000000000000000444e-01,5.034037480572966576e+09
4.600000000000000000e+11,8.000000000000000444e-01,6.432995887231701851e+09
6.000000000000000000e+11,8.000000000000000444e-01,8.391995768355299950e+09
7.700000000000000000e+11,8.000000000000000444e-01,1.077093220819881630e+10
1.000000000000000056e-01,9.000000000000000222e-01,0.000000000000000000e+00
2.000000000000000111e-01,9.000000000000000222e-01,0.000000000000000000e+00
5.000000000000000000e-01,9.000000000000000222e-01,0.000000000000000000e+00
1.000000000000000000e+00,9.000000000000000222e-01,0.000000000000000000e+00
1.300000000000000044e+00,9.000000000000000222e-01,0.000000000000000000e+00
1.699999999999999956e+00,9.000000000000000222e-01,0.000000000000000000e+00
2.200000000000000178e+00,9.000000000000000222e-01,0.000000000000000000e+00
2.799999999999999822e+00,9.000000000000000222e-01,0.000000000000000000e+00
3.600000000000000089e+00,9.000000000000000222e-01,0.000000000000000000e+00
4.599999999999999645e+00,9.000000000000000222e-01,0.000000000000000000e+00
6.000000000000000000e+00,9.000000000000000222e-01,0.000000000000000000e+00
7.700000000000000178e+00,9.000000000000000222e-01,0.000000000000000000e+00
1.000000000000000000e+01,9.000000000000000222e-01,0.000000000000000000e+00
1.300000000000000000e+01,9.000000000000000222e-01,0.000000000000000000e+00
1.700000000000000000e+01,9.000000000000000222e-01,0.000000000000000000e+00
2.200000000000000000e+01,9.000000000000000222e-01,0.000000000000000000e+00
2.800000000000000000e+01,9.000000000000000222e-01,0.000000000000000000e+00
3.600000000000000000e+01,9.000000000000000222e-01,0.000000000000000000e+00
4.600000000000000000e+01,9.000000000000000222e-01,0.000000000000000000e+00
6.000000000000000000e+01,9.000000000000000222e-01,0.000000000000000000e+00
7.700000000000000000e+01,9.000000000000000222e-01,0.000000000000000000e+00
1.000000000000000000e+02,9.000000000000000222e-01,0.000000000000000000e+00
1.300000000000000000e+02,9.000000000000000222e-01,0.000000000000000000e+00
1.700000000000000000e+02,9.000000000000000222e-01,0.000000000000000000e+00
2.200000000000000000e+02,9.000000000000000222e-01,0.000000000000000000e+00
2.800000000000000000e+02,9.000000000000000222e-01,0.000000000000000000e+00
3.600000000000000000e+02,9.000000000000000222e-01,0.000000000000000000e+00
4.600000000000000000e+02,9.000000000000000222e-01,0.000000000000000000e+00
6.000000000000000000e+02,9.000000000000000222e-01,0.000000000000000000e+00
7.700000000000000000e+02,9.000000000000000222e-01,0.000000000000000000e+00
1.000000000000000000e+03,9.000000000000000222e-01,0.000000000000000000e+00
1.300000000000000000e+03,9.000000000000000222e-01,1.423360432136537668e+01
1.700000000000000000e+03,9.000000000000000222e-01,1.655841977808810839e+01
2.200000000000000000e+03,9.000000000000000222e-01,1.925799617199502478e+01
2.800000000000000000e+03,9.000000000000000222e-01,2.243734860856106650e+01
3.600000000000000000e+03,9.000000000000000222e-01,2.643143215220885978e+01
4.600000000000000000e+03,9.000000000000000222e-01,3.122742191444982751e+01
6.000000000000000000e+03,9.000000000000000222e-01,3.762441002550752955e+01
7.700000000000000000e+03,9.000000000000000222e-01,4.514760018030425925e+01
1.000000000000000000e+04,9.000000000000000222e-01,5.507067790958694076e+01
1.300000000000000000e+04,9.000000000000000222e-01,6.756777349932694676e+01
1.700000000000000000e+04,9.000000000000000222e-01,8.392155092875820799e+01
2.200000000000000000e+04,9.000000000000000222e-01,1.039443443964769358e+02
2.800000000000000000e+04,9.000000000000000222e-01,1.276488482307739929e+02
3.600000000000000000e+04,9.000000000000000222e-01,1.589400438812049572e+02
4.600000000000000000e+04,9.000000000000000222e-01,1.974478412812120496e+02
6.000000000000000000e+04,9.000000000000000222e-01,2.509457523554548004e+02
7.700000000000000000e+04,9.000000000000000222e-01,3.152851081514534712e+02
1.000000000000000000e+05,9.000000000000000222e-01,4.017227580816977479e+02
1.300000000000000000e+05,9.000000000000000222e-01,5.137202006691662746e+02
1.700000000000000000e+05,9.000000000000000222e-01,6.622968483934663482e+02
2.200000000000000000e+05,9.000000000000000222e-01,8.471606778666142645e+02
2.800000000000000000e+05,9.000000000000000222e-01,1.068156698502770496e+03
3.600000000000000000e+05,9.000000000000000222e-01,1.362184512467721333e+03
4.600000000000000000e+05,9.000000000000000222e-01,1.728357678339307995e+03
6.000000000000000000e+05,9.000000000000000222e-01,2.240281014178920032e+03
7.700000000000000000e+05,9.000000000000000222e-01,2.861013301354576924e+03
1.000000000000000000e+06,9.000000000000000222e-01,3.699668534089763853e+03
1.300000000000000000e+06,9.000000000000000222e-01,4.791635710545958318e+03
1.700000000000000000e+06,9.000000000000000222e-01,6.246148664478305363e+03
2.200000000000000000e+06,9.000000000000000222e-01,8.063347413008867989e+03
2.800000000000000000e+06,9.000000000000000222e-01,1.024234533916464534e+04
3.600000000000000000e+06,9.000000000000000222e-01,1.314582425635267282e+04
4.600000000000000000e+06,9.000000000000000222e-01,1.677379085036260221e+04
6.000000000000000000e+06,9.000000000000000222e-01,2.185037761510689234e+04
7.700000000000000000e+06,9.000000000000000222e-01,2.801126964014241457e+04
1.000000000000000000e+07,9.000000000000000222e-01,3.634601900917819876e+04
1.300000000000000000e+07,9.000000000000000222e-01,4.721630630757180916e+04
1.700000000000000000e+07,9.000000000000000222e-01,6.170407467489292321e+04
2.200000000000000000e+07,9.000000000000000222e-01,7.981036678733520966e+04
2.800000000000000000e+07,9.000000000000000222e-01,1.015360667783545359e+05
3.600000000000000000e+07,9.000000000000000222e-01,1.304997280649978202e+05
4.600000000000000000e+07,9.000000000000000222e-01,1.666985527858482383e+05
6.000000000000000000e+07,9.000000000000000222e-01,2.173763033966287039e+05
7.700000000000000000e+07,9.000000000000000222e-01,2.789086098656396498e+05
1.000000000000000000e+08,9.000000000000000222e-01,3.621512260173446848e+05
1.300000000000000000e+08,9.000000000000000222e-01,4.707246121914165560e+05
1.700000000000000000e+08,9.000000000000000222e-01,6.154834814963339595e+05
2.200000000000000000e+08,9.000000000000000222e-01,7.964215946595831774e+05
2.800000000000000000e+08,9.000000000000000222e-01,1.013547173930129036e+06
3.600000000000000000e+08,9.000000000000000222e-01,1.303039607924097450e+06
4.600000000000000000e+08,9.000000000000000222e-01,1.664905766369964927e+06
6.000000000000000000e+08,9.000000000000000222e-01,2.171501917277460918e+06
7.700000000000000000e+08,9.000000000000000222e-01,2.786636169523399789e+06
1.000000000000000000e+09,9.000000000000000222e-01,3.618895643963836599e+06
1.300000000000000000e+09,9.000000000000000222e-01,4.704433839784855023e+06
1.700000000000000000e+09,9.000000000000000222e-01,6.151800039663030766e+06
2.200000000000000000e+09,9.000000000000000222e-01,7.961001704739108682e+06
2.800000000000000000e+09,9.000000000000000222e-01,1.013203545940264314e+07
3.600000000000000000e+09,9.000000000000000222e-01,1.302672315601687133e+07
4.600000000000000000e+09,9.000000000000000222e-01,1.664514540251541510e+07
6.000000000000000000e+09,9.000000000000000222e-01,2.171090966369058937e+07
7.700000000000000000e+09,9.000000000000000222e-01,2.786233756992588565e+07
1.000000000000000000e+10,9.000000000000000222e-01,3.618494993361203372e+07
1.300000000000000000e+10,9.000000000000000222e-01,4.704069227115488797e+07
1.700000000000000000e+10,9.000000000000000222e-01,6.151489929986430705e+07
2.200000000000000000e+10,9.000000000000000222e-01,7.960774953560695052e+07
2.800000000000000000e+10,9.000000000000000222e-01,1.013192063206130862e+08
3.600000000000000000e+10,9.000000000000000222e-01,1.302675026795405149e+08
4.600000000000000000e+10,9.000000000000000222e-01,1.664528760949248075e+08
6.000000000000000000e+10,9.000000000000000222e-01,2.171118974703437090e+08
7.700000000000000000e+10,9.000000000000000222e-01,2.786271328891549706e+08
1.000000000000000000e+11,9.000000000000000222e-01,3.618528133008116484e+08
1.300000000000000000e+11,9.000000000000000222e-01,4.704081721193907261e+08
1.700000000000000000e+11,9.000000000000000222e-01,6.151491586097633839e+08
2.200000000000000000e+11,9.000000000000000222e-01,7.960748493250149488e+08
2.800000000000000000e+11,9.000000000000000222e-01,1.013186521645884275e+09
3.600000000000000000e+11,9.000000000000000222e-01,1.302666157135848761e+09
4.600000000000000000e+11,9.000000000000000222e-01,1.664520746466147423e+09
6.000000000000000000e+11,9.000000000000000222e-01,2.171169971009121895e+09
7.700000000000000000e+11,9.000000000000000222e-01,2.786734312271030426e+09
1.000000000000000056e-01,9.499999999999999556e-01,0.000000000000000000e+00
2.000000000000000111e-01,9.499999999999999556e-01,0.000000000000000000e+00
5.000000000000000000e-01,9.499999999999999556e-01,0.000000000000000000e+00
1.000000000000000000e+00,9.499999999999999556e-01,0.000000000000000000e+00
1.300000000000000044e+00,9.499999999999999556e-01,0.000000000000000000e+00
1.699999999999999956e+00,9.499999999999999556e-01,0.000000000000000000e+00
2.200000000000000178e+00,9.499999999999999556e-01,0.000000000000000000e+00
2.799999999999999822e+00,9.499999999999999556e-01,0.000000000000000000e+00
3.600000000000000089e+00,9.499999999999999556e-01,0.000000000000000000e+00
4.599999999999999645e+00,9.499999999999999556e-01,0.000000000000000000e+00
6.000000000000000000e+00,9.499999999999999556e-01,0.000000000000000000e+00
7.700000000000000178e+00,9.499999999999999556e-01,0.000000000000000000e+00
1.000000000000000000e+01,9.499999999999999556e-01,0.000000000000000000e+00
1.300000000000000000e+01,9.499999999999999556e-01,0.000000000000000000e+00
1.700000000000000000e+01,9.499999999999999556e-01,0.000000000000000000e+00
2.200000000000000000e+01,9.499999999999999556e-01,0.000000000000000000e+00
2.800000000000000000e+01,9.499999999999999556e-01,0.000000000000000000e+00
3.600000000000000000e+01,9.499999999999999556e-01,0.000000000000000000e+00
4.600000000000000000e+01,9.499999999999999556e-01,0.000000000000000000e+00
6.000000000000000000e+01,9.499999999999999556e-01,0.000000000000000000e+00
7.700000000000000000e+01,9.499999999999999556e-01,0.000000000000000000e+00
1.000000000000000000e+02,9.499999999999999556e-01,0.000000000000000000e+00
1.300000000000000000e+02,9.499999999999999556e-01,0.000000000000000000e+00
1.700000000000000000e+02,9.499999999999999556e-01,0.000000000000000000e+00
2.200000000000000000e+02,9.499999999999999556e-01,0.000000000000000000e+00
2.800000000000000000e+02,9.499999999999999556e-01,0.000000000000000000e+00
3.600000000000000000e+02,9.499999999999999556e-01,0.000000000000000000e+00
4.600000000000000000e+02,9.499999999999999556e-01,0.000000000000000000e+00
6.000000000000000000e+02,9.499999999999999556e-01,0.000000000000000000e+00
7.700000000000000000e+02,9.499999999999999556e-01,0.000000000000000000e+00
1.000000000000000000e+03,9.499999999999999556e-01,0.000000000000000000e+00
1.300000000000000000e+03,9.499999999999999556e-01,1.024571724088680469e+01
1.700000000000000000e+03,9.499999999999999556e-01,1.153073277150559761e+01
2.200000000000000000e+03,9.499999999999999556e-01,1.295554218778408995e+01
2.800000000000000000e+03,9.499999999999999556e-01,1.442415487515511785e+01
3.600000000000000000e+03,9.499999999999999556e-01,1.629111253704627416e+01
4.600000000000000000e+03,9.499999999999999556e-01,1.834673633000223347e+01
6.000000000000000000e+03,9.499999999999999556e-01,2.096986792501429520e+01
7.700000000000000000e+03,9.499999999999999556e-01,2.391904141029014497e+01
1.000000000000000000e+04,9.499999999999999556e-01,2.761883141716914025e+01
1.300000000000000000e+04,9.499999999999999556e-01,3.210612204899039313e+01
1.700000000000000000e+04,9.499999999999999556e-01,3.781516546589028138e+01
2.200000000000000000e+04,9.499999999999999556e-01,4.441926747422467514e+01
2.800000000000000000e+04,9.499999999999999556e-01,5.214796153585609773e+01
3.600000000000000000e+04,9.499999999999999556e-01,6.185031539669041223e+01
4.600000000000000000e+04,9.499999999999999556e-01,7.346468250400633337e+01
6.000000000000000000e+04,9.499999999999999556e-01,8.923115905627383881e+01
7.700000000000000000e+04,9.499999999999999556e-01,1.079006282032984387e+02
1.000000000000000000e+05,9.499999999999999556e-01,1.324765422386855107e+02
1.300000000000000000e+05,9.499999999999999556e-01,1.639107340619739261e+02
1.700000000000000000e+05,9.499999999999999556e-01,2.046924593502868106e+02
2.200000000000000000e+05,9.499999999999999556e-01,2.549431936483854031e+02
2.800000000000000000e+05,9.499999999999999556e-01,3.145280551636697624e+02
3.600000000000000000e+05,9.499999999999999556e-01,3.930079901092823320e+02
4.600000000000000000e+05,9.499999999999999556e-01,4.898923687083686787e+02
6.000000000000000000e+05,9.499999999999999556e-01,6.247641224159604008e+02
7.700000000000000000e+05,9.499999999999999556e-01,7.872408556799841790e+02
1.000000000000000000e+06,9.499999999999999556e-01,1.005949115097283311e+03
1.300000000000000000e+06,9.499999999999999556e-01,1.289360907825339837e+03
1.700000000000000000e+06,9.499999999999999556e-01,1.665479022806528292e+03
2.200000000000000000e+06,9.499999999999999556e-01,2.134121838964820199e+03
2.800000000000000000e+06,9.499999999999999556e-01,2.695107944556903021e+03
3.600000000000000000e+06,9.499999999999999556e-01,3.440553786574897458e+03
4.600000000000000000e+06,9.499999999999999556e-01,4.370825361022083598e+03
6.000000000000000000e+06,9.499999999999999556e-01,5.670965022749887794e+03
7.700000000000000000e+06,9.499999999999999556e-01,7.246763194460087107e+03
1.000000000000000000e+07,9.499999999999999556e-01,9.376113217275589705e+03
1.300000000000000000e+07,9.499999999999999556e-01,1.214997130817086327e+04
1.700000000000000000e+07,9.499999999999999556e-01,1.584638324933012154e+04
2.200000000000000000e+07,9.499999999999999556e-01,2.046336771472862893e+04
2.800000000000000000e+07,9.499999999999999556e-01,2.599825594213148725e+04
3.600000000000000000e+07,9.499999999999999556e-01,3.337708453002614260e+04
4.600000000000000000e+07,9.499999999999999556e-01,4.259631302440977015e+04
6.000000000000000000e+07,9.499999999999999556e-01,5.549704723309500696e+04
7.700000000000000000e+07,9.499999999999999556e-01,7.115655146586944466e+04
1.000000000000000000e+08,9.499999999999999556e-01,9.233849709225427068e+04
1.300000000000000000e+08,9.499999999999999556e-01,1.199599054851839755e+05
1.700000000000000000e+08,9.499999999999999556e-01,1.567843444317820249e+05
2.200000000000000000e+08,9.499999999999999556e-01,2.028077779227160208e+05
2.800000000000000000e+08,9.499999999999999556e-01,2.580349037058572285e+05
3.600000000000000000e+08,9.499999999999999556e-01,3.316574474899418419e+05
4.600000000000000000e+08,9.499999999999999556e-01,4.236754965319163166e+05
6.000000000000000000e+08,9.499999999999999556e-01,5.524922963795425603e+05
7.700000000000000000e+08,9.499999999999999556e-01,7.089145413060622523e+05
1.000000000000000000e+09,9.499999999999999556e-01,9.205121006613021018e+05
1.300000000000000000e+09,9.499999999999999556e-01,1.196503958566143177e+06
1.700000000000000000e+09,9.499999999999999556e-01,1.564498440036659595e+06
2.200000000000000000e+09,9.499999999999999556e-01,2.024450692881352501e+06
2.800000000000000000e+09,9.499999999999999556e-01,2.576397866297384258e+06
3.600000000000000000e+09,9.499999999999999556e-01,3.312302786601410247e+06
4.600000000000000000e+09,9.499999999999999556e-01,4.232215402199619450e+06
6.000000000000000000e+09,9.499999999999999556e-01,5.520011083820985630e+06
7.700000000000000000e+09,9.499999999999999556e-01,7.083803567632179707e+06
1.000000000000000000e+10,9.499999999999999556e-01,9.199475525150919333e+06
1.300000000000000000e+10,9.499999999999999556e-01,1.195897793295576982e+07
1.700000000000000000e+10,9.499999999999999556e-01,1.563843162798568420e+07
2.200000000000000000e+10,9.499999999999999556e-01,2.023771219731486589e+07
2.800000000000000000e+10,9.499999999999999556e-01,2.575709805057004467e+07
3.600000000000000000e+10,9.499999999999999556e-01,3.311594453108118102e+07
4.600000000000000000e+10,9.499999999999999556e-01,4.231462655682974309e+07
6.000000000000000000e+10,9.499999999999999556e-01,5.519294332684780657e+07
7.700000000000000000e+10,9.499999999999999556e-01,7.083080952392686903e+07
1.000000000000000000e+11,9.499999999999999556e-01,9.198769484000992775e+07
1.300000000000000000e+11,9.499999999999999556e-01,1.195837783069878668e+08
1.700000000000000000e+11,9.499999999999999556e-01,1.563785853611560762e+08
2.200000000000000000e+11,9.499999999999999556e-01,2.023712229102598131e+08
2.800000000000000000e+11,9.499999999999999556e-01,2.575629269500949383e+08
3.600000000000000000e+11,9.499999999999999556e-01,3.311522404152250290e+08
4.600000000000000000e+11,9.499999999999999556e-01,4.231379266637067795e+08
6.000000000000000000e+11,9.499999999999999556e-01,5.519184633076812029e+08
7.700000000000000000e+11,9.499999999999999556e-01,7.082943943175119162e+08
1.000000000000000056e-01,9.799999999999999822e-01,0.000000000000000000e+00
2.000000000000000111e-01,9.799999999999999822e-01,0.000000000000000000e+00
5.000000000000000000e-01,9.799999999999999822e-01,0.000000000000000000e+00
1.000000000000000000e+00,9.799999999999999822e-01,0.000000000000000000e+00
1.300000000000000044e+00,9.799999999999999822e-01,0.000000000000000000e+00
1.699999999999999956e+00,9.799999999999999822e-01,0.000000000000000000e+00
2.200000000000000178e+00,9.799999999999999822e-01,0.000000000000000000e+00
2.799999999999999822e+00,9.799999999999999822e-01,0.000000000000000000e+00
3.600000000000000089e+00,9.799999999999999822e-01,0.000000000000000000e+00
4.599999999999999645e+00,9.799999999999999822e-01,0.000000000000000000e+00
6.000000000000000000e+00,9.799999999999999822e-01,0.000000000000000000e+00
7.700000000000000178e+00,9.799999999999999822e-01,0.000000000000000000e+00
1.000000000000000000e+01,9.799999999999999822e-01,0.000000000000000000e+00
1.300000000000000000e+01,9.799999999999999822e-01,0.000000000000000000e+00
1.700000000000000000e+01,9.799999999999999822e-01,0.000000000000000000e+00
2.200000000000000000e+01,9.799999999999999822e-01,0.000000000000000000e+00
2.800000000000000000e+01,9.799999999999999822e-01,0.000000000000000000e+00
3.600000000000000000e+01,9.799999999999999822e-01,0.000000000000000000e+00
4.600000000000000000e+01,9.799999999999999822e-01,0.000000000000000000e+00
6.000000000000000000e+01,9.799999999999999822e-01,0.000000000000000000e+00
7.700000000000000000e+01,9.799999999999999822e-01,0.000000000000000000e+00
1.000000000000000000e+02,9.799999999999999822e-01,0.000000000000000000e+00
1.300000000000000000e+02,9.799999999999999822e-01,0.000000000000000000e+00
1.700000000000000000e+02,9.799999999999999822e-01,0.000000000000000000e+00
2.200000000000000000e+02,9.799999999999999822e-01,0.000000000000000000e+00
2.800000000000000000e+02,9.799999999999999822e-01,0.000000000000000000e+00
3.600000000000000000e+02,9.799999999999999822e-01,0.000000000000000000e+00
4.600000000000000000e+02,9.799999999999999822e-01,0.000000000000000000e+00
6.000000000000000000e+02,9.799999999999999822e-01,0.000000000000000000e+00
7.700000000000000000e+02,9.799999999999999822e-01,0.000000000000000000e+00
1.000000000000000000e+03,9.799999999999999822e-01,0.000000000000000000e+00
1.300000000000000000e+03,9.799999999999999822e-01,8.743085846292704133e+00
1.700000000000000000e+03,9.799999999999999822e-01,9.528485191041147218e+00
2.200000000000000000e+03,9.799999999999999822e-01,1.039334478099659442e+01
2.800000000000000000e+03,9.799999999999999822e-01,1.126635026541374529e+01
3.600000000000000000e+03,9.799999999999999822e-01,1.231906117894064323e+01
4.600000000000000000e+03,9.799999999999999822e-01,1.355193165105721853e+01
6.000000000000000000e+03,9.799999999999999822e-01,1.503790380303317953e+01
7.700000000000000000e+03,9.799999999999999822e-01,1.649023203538776983e+01
1.000000000000000000e+04,9.799999999999999822e-01,1.832771008696544968e+01
1.300000000000000000e+04,9.799999999999999822e-01,2.044297356016220490e+01
1.700000000000000000e+04,9.799999999999999822e-01,2.297982068297148217e+01
2.200000000000000000e+04,9.799999999999999822e-01,2.568292594984420418e+01
2.800000000000000000e+04,9.799999999999999822e-01,2.856556521852157360e+01
3.600000000000000000e+04,9.799999999999999822e-01,3.187451989606012859e+01
4.600000000000000000e+04,9.799999999999999822e-01,3.571469289959356530e+01
6.000000000000000000e+04,9.799999999999999822e-01,4.066351860425084652e+01
7.700000000000000000e+04,9.799999999999999822e-01,4.604075931325273530e+01
1.000000000000000000e+05,9.799999999999999822e-01,5.287901759178789973e+01
1.300000000000000000e+05,9.799999999999999822e-01,6.110544441588977804e+01
1.700000000000000000e+05,9.799999999999999822e-01,7.113912265521869926e+01
2.200000000000000000e+05,9.799999999999999822e-01,8.287079281504590256e+01
2.800000000000000000e+05,9.799999999999999822e-01,9.637219255298255405e+01
3.600000000000000000e+05,9.799999999999999822e-01,1.133334965615448482e+02
4.600000000000000000e+05,9.799999999999999822e-01,1.337116252472156930e+02
6.000000000000000000e+05,9.799999999999999822e-01,1.606453263631440791e+02
7.700000000000000000e+05,9.799999999999999822e-01,1.924482845533821660e+02
1.000000000000000000e+06,9.799999999999999822e-01,2.340282154609080010e+02
1.300000000000000000e+06,9.799999999999999822e-01,2.865500959239423082e+02
1.700000000000000000e+06,9.799999999999999822e-01,3.549863470904084011e+02
2.200000000000000000e+06,9.799999999999999822e-01,4.389576470978971088e+02
2.800000000000000000e+06,9.799999999999999822e-01,5.375057638666946787e+02
3.600000000000000000e+06,9.799999999999999822e-01,6.671538631810540210e+02
4.600000000000000000e+06,9.799999999999999822e-01,8.268570892579172096e+02
6.000000000000000000e+06,9.799999999999999822e-01,1.047640716645927341e+03
7.700000000000000000e+06,9.799999999999999822e-01,1.313352828586635269e+03
1.000000000000000000e+07,9.799999999999999822e-01,1.669961256282549812e+03
1.300000000000000000e+07,9.799999999999999822e-01,2.132289562468000440e+03
1.700000000000000000e+07,9.799999999999999822e-01,2.745350861181365417e+03
2.200000000000000000e+07,9.799999999999999822e-01,3.507310943618595502e+03
2.800000000000000000e+07,9.799999999999999822e-01,4.418297323273000075e+03
3.600000000000000000e+07,9.799999999999999822e-01,5.629776583238176499e+03
4.600000000000000000e+07,9.799999999999999822e-01,7.139674980342040726e+03
6.000000000000000000e+07,9.799999999999999822e-01,9.246870148436701129e+03
7.700000000000000000e+07,9.799999999999999822e-01,1.180080940488063243e+04
1.000000000000000000e+08,9.799999999999999822e-01,1.525041775679596685e+04
1.300000000000000000e+08,9.799999999999999822e-01,1.974357816637756696e+04
1.700000000000000000e+08,9.799999999999999822e-01,2.572500666078076392e+04
2.200000000000000000e+08,9.799999999999999822e-01,3.319398908130656491e+04
2.800000000000000000e+08,9.799999999999999822e-01,4.215046738717846893e+04
3.600000000000000000e+08,9.799999999999999822e-01,5.408276577506795002e+04
4.600000000000000000e+08,9.799999999999999822e-01,6.899112295024075138e+04
6.000000000000000000e+08,9.799999999999999822e-01,8.985202281638940622e+04
7.700000000000000000e+08,9.799999999999999822e-01,1.151709719147177093e+05
1.000000000000000000e+09,9.799999999999999822e-01,1.494173445989114989e+05
1.300000000000000000e+09,9.799999999999999822e-01,1.940705823060569819e+05
1.700000000000000000e+09,9.799999999999999822e-01,2.535911771308875468e+05
2.200000000000000000e+09,9.799999999999999822e-01,3.279722006335827173e+05
2.800000000000000000e+09,9.799999999999999822e-01,4.172154369586959365e+05
3.600000000000000000e+09,9.799999999999999822e-01,5.361941362148739863e+05
4.600000000000000000e+09,9.799999999999999822e-01,6.849020728382087545e+05
6.000000000000000000e+09,9.799999999999999822e-01,8.930610470413465519e+05
7.700000000000000000e+09,9.799999999999999822e-01,1.145812377268520882e+06
1.000000000000000000e+10,9.799999999999999822e-01,1.487751295665050624e+06
1.300000000000000000e+10,9.799999999999999822e-01,1.933736458203034708e+06
1.700000000000000000e+10,9.799999999999999822e-01,2.528354785102632828e+06
2.200000000000000000e+10,9.799999999999999822e-01,3.271580714575373102e+06
2.800000000000000000e+10,9.799999999999999822e-01,4.163407509921409190e+06
3.600000000000000000e+10,9.799999999999999822e-01,5.352523130991864949e+06
4.600000000000000000e+10,9.799999999999999822e-01,6.838838724708317779e+06
6.000000000000000000e+10,9.799999999999999822e-01,8.919682166790340096e+06
7.700000000000000000e+10,9.799999999999999822e-01,1.144633375322995521e+07
1.000000000000000000e+11,9.799999999999999822e-01,1.486473225863471068e+07
1.300000000000000000e+11,9.799999999999999822e-01,1.932355637278579175e+07
1.700000000000000000e+11,9.799999999999999822e-01,2.526856320273907483e+07
2.200000000000000000e+11,9.799999999999999822e-01,3.269971345013930276e+07
2.800000000000000000e+11,9.799999999999999822e-01,4.161732470945888013e+07
3.600000000000000000e+11,9.799999999999999822e-01,5.350741901759862900e+07
4.600000000000000000e+11,9.799999999999999822e-01,6.836952874896512926e+07
6.000000000000000000e+11,9.799999999999999822e-01,8.917689896497590840e+07
7.700000000000000000e+11,9.799999999999999822e-01,1.144425089128101319e+08
1.000000000000000056e-01,9.899999999999999911e-01,0.000000000000000000e+00
2.000000000000000111e-01,9.899999999999999911e-01,0.000000000000000000e+00
5.000000000000000000e-01,9.899999999999999911e-01,0.000000000000000000e+00
1.000000000000000000e+00,9.899999999999999911e-01,0.000000000000000000e+00
1.300000000000000044e+00,9.899999999999999911e-01,0.000000000000000000e+00
1.699999999999999956e+00,9.899999999999999911e-01,0.000000000000000000e+00
2.200000000000000178e+00,9.899999999999999911e-01,0.000000000000000000e+00
2.799999999999999822e+00,9.899999999999999911e-01,0.000000000000000000e+00
3.600000000000000089e+00,9.899999999999999911e-01,0.000000000000000000e+00
4.599999999999999645e+00,9.899999999999999911e-01,0.000000000000000000e+00
6.000000000000000000e+00,9.899999999999999911e-01,0.000000000000000000e+00
7.700000000000000178e+00,9.899999999999999911e-01,0.000000000000000000e+00
1.000000000000000000e+01,9.899999999999999911e-01,0.000000000000000000e+00
1.300000000000000000e+01,9.899999999999999911e-01,0.000000000000000000e+00
1.700000000000000000e+01,9.899999999999999911e-01,0.000000000000000000e+00
2.200000000000000000e+01,9.899999999999999911e-01,0.000000000000000000e+00
2.800000000000000000e+01,9.899999999999999911e-01,0.000000000000000000e+00
3.600000000000000000e+01,9.899999999999999911e-01,0.000000000000000000e+00
4.600000000000000000e+01,9.899999999999999911e-01,0.000000000000000000e+00
6.000000000000000000e+01,9.899999999999999911e-01,0.000000000000000000e+00
7.700000000000000000e+01,9.899999999999999911e-01,0.000000000000000000e+00
1.000000000000000000e+02,9.899999999999999911e-01,0.000000000000000000e+00
1.300000000000000000e+02,9.899999999999999911e-01,0.000000000000000000e+00
1.700000000000000000e+02,9.899999999999999911e-01,0.000000000000000000e+00
2.200000000000000000e+02,9.899999999999999911e-01,0.000000000000000000e+00
2.800000000000000000e+02,9.899999999999999911e-01,0.000000000000000000e+00
3.600000000000000000e+02,9.899999999999999911e-01,0.000000000000000000e+00
4.600000000000000000e+02,9.899999999999999911e-01,0.000000000000000000e+00
6.000000000000000000e+02,9.899999999999999911e-01,0.000000000000000000e+00
7.700000000000000000e+02,9.899999999999999911e-01,0.000000000000000000e+00
1.000000000000000000e+03,9.899999999999999911e-01,0.000000000000000000e+00
1.300000000000000000e+03,9.899999999999999911e-01,8.265173026535599377e+00
1.700000000000000000e+03,9.899999999999999911e-01,8.926745263072271896e+00
2.200000000000000000e+03,9.899999999999999911e-01,9.691179339321239539e+00
2.800000000000000000e+03,9.899999999999999911e-01,1.047885486716185532e+01
3.600000000000000000e+03,9.899999999999999911e-01,1.142221024243495187e+01
4.600000000000000000e+03,9.899999999999999911e-01,1.241238433730538837e+01
6.000000000000000000e+03,9.899999999999999911e-01,1.352709680358564448e+01
7.700000000000000000e+03,9.899999999999999911e-01,1.475029023807172734e+01
1.000000000000000000e+04,9.899999999999999911e-01,1.627186458233192212e+01
1.300000000000000000e+04,9.899999999999999911e-01,1.798955733546070945e+01
1.700000000000000000e+04,9.899999999999999911e-01,1.974225244110975908e+01
2.200000000000000000e+04,9.899999999999999911e-01,2.157107050637002743e+01
2.800000000000000000e+04,9.899999999999999911e-01,2.356972019564799581e+01
3.600000000000000000e+04,9.899999999999999911e-01,2.581022626099947104e+01
4.600000000000000000e+04,9.899999999999999911e-01,2.837515093793049203e+01
6.000000000000000000e+04,9.899999999999999911e-01,3.152278674255057211e+01
7.700000000000000000e+04,9.899999999999999911e-01,3.487468509060768440e+01
1.000000000000000000e+05,9.899999999999999911e-01,3.879512531400710174e+01
1.300000000000000000e+05,9.899999999999999911e-01,4.352602134905801989e+01
1.700000000000000000e+05,9.899999999999999911e-01,4.904848953600218664e+01
2.200000000000000000e+05,9.899999999999999911e-01,5.511333617096521920e+01
2.800000000000000000e+05,9.899999999999999911e-01,6.171315024660274418e+01
3.600000000000000000e+05,9.899999999999999911e-01,6.949754299423935322e+01
4.600000000000000000e+05,9.899999999999999911e-01,7.874497943541553013e+01
6.000000000000000000e+05,9.899999999999999911e-01,9.062714281387431470e+01
7.700000000000000000e+05,9.899999999999999911e-01,1.035247968290229181e+02
1.000000000000000000e+06,9.899999999999999911e-01,1.193186719700629226e+02
1.300000000000000000e+06,9.899999999999999911e-01,1.388293434056575393e+02
1.700000000000000000e+06,9.899999999999999911e-01,1.633260678859610096e+02
2.200000000000000000e+06,9.899999999999999911e-01,1.922320902807620087e+02
2.800000000000000000e+06,9.899999999999999911e-01,2.246750961086873701e+02
3.600000000000000000e+06,9.899999999999999911e-01,2.660156912144900616e+02
4.600000000000000000e+06,9.899999999999999911e-01,3.152810140220630046e+02
6.000000000000000000e+06,9.899999999999999911e-01,3.821553791092189840e+02
7.700000000000000000e+06,9.899999999999999911e-01,4.599208838498639693e+02
1.000000000000000000e+07,9.899999999999999911e-01,5.625577226324339790e+02
1.300000000000000000e+07,9.899999999999999911e-01,6.931505665388307307e+02
1.700000000000000000e+07,9.899999999999999911e-01,8.632499977272750584e+02
2.200000000000000000e+07,9.899999999999999911e-01,1.070157960250680844e+03
2.800000000000000000e+07,9.899999999999999911e-01,1.314574155584834216e+03
3.600000000000000000e+07,9.899999999999999911e-01,1.637141710460429749e+03
4.600000000000000000e+07,9.899999999999999911e-01,2.034936845063291457e+03
6.000000000000000000e+07,9.899999999999999911e-01,2.586396549715337642e+03
7.700000000000000000e+07,9.899999999999999911e-01,3.251250154932921305e+03
1.000000000000000000e+08,9.899999999999999911e-01,4.142826413975683863e+03
1.300000000000000000e+08,9.899999999999999911e-01,5.299547389013125212e+03
1.700000000000000000e+08,9.899999999999999911e-01,6.833809948281454126e+03
2.200000000000000000e+08,9.899999999999999911e-01,8.742826988434206214e+03
2.800000000000000000e+08,9.899999999999999911e-01,1.102482126641327704e+04
3.600000000000000000e+08,9.899999999999999911e-01,1.405758100447336983e+04
4.600000000000000000e+08,9.899999999999999911e-01,1.783872178185686789e+04
6.000000000000000000e+08,9.899999999999999911e-01,2.312278592995359213e+04
7.700000000000000000e+08,9.899999999999999911e-01,2.952637804976624466e+04
1.000000000000000000e+09,9.899999999999999911e-01,3.817516784481861396e+04
1.300000000000000000e+09,9.899999999999999911e-01,4.943648364637829218e+04
1.700000000000000000e+09,9.899999999999999911e-01,6.443818088053713291e+04
2.200000000000000000e+09,9.899999999999999911e-01,8.317146955993329175e+04
2.800000000000000000e+09,9.899999999999999911e-01,1.056320245445846958e+05
3.600000000000000000e+09,9.899999999999999911e-01,1.355617774346496153e+05
4.600000000000000000e+09,9.899999999999999911e-01,1.729510605351878621e+05
6.000000000000000000e+09,9.899999999999999911e-01,2.252738420841442421e+05
7.700000000000000000e+09,9.899999999999999911e-01,2.887793198285538238e+05
1.000000000000000000e+10,9.899999999999999911e-01,3.746666257192097255e+05
1.300000000000000000e+10,9.899999999999999911e-01,4.866678396602418507e+05
1.700000000000000000e+10,9.899999999999999911e-01,6.359602275666649221e+05
2.200000000000000000e+10,9.899999999999999911e-01,8.225276640502504306e+05
2.800000000000000000e+10,9.899999999999999911e-01,1.046388887483981438e+06
3.600000000000000000e+10,9.899999999999999911e-01,1.344822756178629119e+06
4.600000000000000000e+10,9.899999999999999911e-01,1.717798800338417990e+06
6.000000000000000000e+10,9.899999999999999911e-01,2.239966125391788781e+06
7.700000000000000000e+10,9.899999999999999911e-01,2.873920464416503441e+06
1.000000000000000000e+11,9.899999999999999911e-01,3.731559388815540355e+06
1.300000000000000000e+11,9.899999999999999911e-01,4.850146957229005173e+06
1.700000000000000000e+11,9.899999999999999911e-01,6.341497356559331529e+06
2.200000000000000000e+11,9.899999999999999911e-01,8.205673373230928555e+06
2.800000000000000000e+11,9.899999999999999911e-01,1.044253754864042252e+07
3.600000000000000000e+11,9.899999999999999911e-01,1.342497635752815753e+07
4.600000000000000000e+11,9.899999999999999911e-01,1.715287333558580279e+07
6.000000000000000000e+11,9.899999999999999911e-01,2.237183546747357398e+07
7.700000000000000000e+11,9.899999999999999911e-01,2.870904428461561352e+07
1.000000000000000056e-01,9.949999999999999956e-01,0.000000000000000000e+00
2.000000000000000111e-01,9.949999999999999956e-01,0.000000000000000000e+00
5.000000000000000000e-01,9.949999999999999956e-01,0.000000000000000000e+00
1.000000000000000000e+00,9.949999999999999956e-01,0.000000000000000000e+00
1.300000000000000044e+00,9.949999999999999956e-01,0.000000000000000000e+00
1.699999999999999956e+00,9.949999999999999956e-01,0.000000000000000000e+00
2.200000000000000178e+00,9.949999999999999956e-01,0.000000000000000000e+00
2.799999999999999822e+00,9.949999999999999956e-01,0.000000000000000000e+00
3.600000000000000089e+00,9.949999999999999956e-01,0.000000000000000000e+00
4.599999999999999645e+00,9.949999999999999956e-01,0.000000000000000000e+00
6.000000000000000000e+00,9.949999999999999956e-01,0.000000000000000000e+00
7.700000000000000178e+00,9.949999999999999956e-01,0.000000000000000000e+00
1.000000000000000000e+01,9.949999999999999956e-01,0.000000000000000000e+00
1.300000000000000000e+01,9.949999999999999956e-01,0.000000000000000000e+00
1.700000000000000000e+01,9.949999999999999956e-01,0.000000000000000000e+00
2.200000000000000000e+01,9.949999999999999956e-01,0.000000000000000000e+00
2.800000000000000000e+01,9.949999999999999956e-01,0.000000000000000000e+00
3.600000000000000000e+01,9.949999999999999956e-01,0.000000000000000000e+00
4.600000000000000000e+01,9.949999999999999956e-01,0.000000000000000000e+00
6.000000000000000000e+01,9.949999999999999956e-01,0.000000000000000000e+00
7.700000000000000000e+01,9.949999999999999956e-01,0.000000000000000000e+00
1.000000000000000000e+02,9.949999999999999956e-01,0.000000000000000000e+00
1.300000000000000000e+02,9.949999999999999956e-01,0.000000000000000000e+00
1.700000000000000000e+02,9.949999999999999956e-01,0.000000000000000000e+00
2.200000000000000000e+02,9.949999999999999956e-01,0.000000000000000000e+00
2.800000000000000000e+02,9.949999999999999956e-01,0.000000000000000000e+00
3.600000000000000000e+02,9.949999999999999956e-01,0.000000000000000000e+00
4.600000000000000000e+02,9.949999999999999956e-01,0.000000000000000000e+00
6.000000000000000000e+02,9.949999999999999956e-01,0.000000000000000000e+00
7.700000000000000000e+02,9.949999999999999956e-01,0.000000000000000000e+00
1.000000000000000000e+03,9.949999999999999956e-01,0.000000000000000000e+00
1.300000000000000000e+03,9.949999999999999956e-01,8.049389947645606114e+00
1.700000000000000000e+03,9.949999999999999956e-01,8.714419396926729178e+00
2.200000000000000000e+03,9.949999999999999956e-01,9.392590006942285186e+00
2.800000000000000000e+03,9.949999999999999956e-01,1.013835825740176766e+01
3.600000000000000000e+03,9.949999999999999956e-01,1.102762527372153478e+01
4.600000000000000000e+03,9.949999999999999956e-01,1.188393488421923649e+01
6.000000000000000000e+03,9.949999999999999956e-01,1.292216100160473680e+01
7.700000000000000000e+03,9.949999999999999956e-01,1.402709212477037326e+01
1.000000000000000000e+04,9.949999999999999956e-01,1.538263513224880619e+01
1.300000000000000000e+04,9.949999999999999956e-01,1.681473775072550580e+01
1.700000000000000000e+04,9.949999999999999956e-01,1.829785786265994574e+01
2.200000000000000000e+04,9.949999999999999956e-01,1.987374550360252101e+01
2.800000000000000000e+04,9.949999999999999956e-01,2.144099602320026676e+01
3.600000000000000000e+04,9.949999999999999956e-01,2.346194978059866898e+01
4.600000000000000000e+04,9.949999999999999956e-01,2.553944653744084903e+01
6.000000000000000000e+04,9.949999999999999956e-01,2.807046678329190925e+01
7.700000000000000000e+04,9.949999999999999956e-01,3.064920166621147146e+01
1.000000000000000000e+05,9.949999999999999956e-01,3.376132093509711751e+01
1.300000000000000000e+05,9.949999999999999956e-01,3.720023854044251976e+01
1.700000000000000000e+05,9.949999999999999956e-01,4.109067187714106240e+01
2.200000000000000000e+05,9.949999999999999956e-01,4.542138237282124891e+01
2.800000000000000000e+05,9.949999999999999956e-01,5.014587842296411679e+01
3.600000000000000000e+05,9.949999999999999956e-01,5.538195310889545198e+01
4.600000000000000000e+05,9.949999999999999956e-01,6.098834591074594158e+01
6.000000000000000000e+05,9.949999999999999956e-01,6.802093863889363945e+01
7.700000000000000000e+05,9.949999999999999956e-01,7.621571240505753053e+01
1.000000000000000000e+06,9.949999999999999956e-01,8.557122124381332640e+01
1.300000000000000000e+06,9.949999999999999956e-01,9.693597063633347943e+01
1.700000000000000000e+06,9.949999999999999956e-01,1.089930941593127756e+02
2.200000000000000000e+06,9.949999999999999956e-01,1.234186243003081245e+02
2.800000000000000000e+06,9.949999999999999956e-01,1.390234295312097856e+02
3.600000000000000000e+06,9.949999999999999956e-01,1.581153871362920427e+02
4.600000000000000000e+06,9.949999999999999956e-01,1.790906016864912544e+02
6.000000000000000000e+06,9.949999999999999956e-01,2.063528068046305179e+02
7.700000000000000000e+06,9.949999999999999956e-01,2.374486817098879214e+02
1.000000000000000000e+07,9.949999999999999956e-01,2.756031646569005034e+02
1.300000000000000000e+07,9.949999999999999956e-01,3.223628849387158084e+02
1.700000000000000000e+07,9.949999999999999956e-01,3.815909621051842464e+02
2.200000000000000000e+07,9.949999999999999956e-01,4.490851700920624126e+02
2.800000000000000000e+07,9.949999999999999956e-01,5.267483913028804636e+02
3.600000000000000000e+07,9.949999999999999956e-01,6.261241704408871556e+02
4.600000000000000000e+07,9.949999999999999956e-01,7.465011514457107751e+02
6.000000000000000000e+07,9.949999999999999956e-01,9.068935991302893171e+02
7.700000000000000000e+07,9.949999999999999956e-01,1.097455399312980944e+03
1.000000000000000000e+08,9.949999999999999956e-01,1.348338366844765233e+03
1.300000000000000000e+08,9.949999999999999956e-01,1.666865055692674787e+03
1.700000000000000000e+08,9.949999999999999956e-01,2.084176796671059947e+03
2.200000000000000000e+08,9.949999999999999956e-01,2.597404476410116331e+03
2.800000000000000000e+08,9.949999999999999956e-01,3.203787572258883301e+03
3.600000000000000000e+08,9.949999999999999956e-01,4.004133547881483537e+03
4.600000000000000000e+08,9.949999999999999956e-01,4.992884820820092500e+03
6.000000000000000000e+08,9.949999999999999956e-01,6.366243521113685347e+03
7.700000000000000000e+08,9.949999999999999956e-01,8.022369792915787912e+03
1.000000000000000000e+09,9.949999999999999956e-01,1.024795177162470463e+04
1.300000000000000000e+09,9.949999999999999956e-01,1.313475492474081148e+04
1.700000000000000000e+09,9.949999999999999956e-01,1.696505241722146820e+04
2.200000000000000000e+09,9.949999999999999956e-01,2.173126281754749289e+04
2.800000000000000000e+09,9.949999999999999956e-01,2.743630271024824106e+04
3.600000000000000000e+09,9.949999999999999956e-01,3.502158138610415335e+04
4.600000000000000000e+09,9.949999999999999956e-01,4.448106017118224554e+04
6.000000000000000000e+09,9.949999999999999956e-01,5.770007717445331218e+04
7.700000000000000000e+09,9.949999999999999956e-01,7.371972409186090226e+04
1.000000000000000000e+10,9.949999999999999956e-01,9.537246545796762803e+04
1.300000000000000000e+10,9.949999999999999956e-01,1.235728372797749471e+05
1.700000000000000000e+10,9.949999999999999956e-01,1.611445962061280152e+05
2.200000000000000000e+10,9.949999999999999956e-01,2.080499954991978884e+05
2.800000000000000000e+10,9.949999999999999956e-01,2.643142020435932209e+05
3.600000000000000000e+10,9.949999999999999956e-01,3.392638720515858731e+05
4.600000000000000000e+10,9.949999999999999956e-01,4.329421586441485560e+05
6.000000000000000000e+10,9.949999999999999956e-01,5.640144417686267989e+05
7.700000000000000000e+10,9.949999999999999956e-01,7.231263600894203410e+05
1.000000000000000000e+11,9.949999999999999956e-01,9.383454349594973028e+05
1.300000000000000000e+11,9.949999999999999956e-01,1.218945287313587964e+06
1.700000000000000000e+11,9.949999999999999956e-01,1.593043924780490343e+06
2.200000000000000000e+11,9.949999999999999956e-01,2.060488056685981108e+06
2.800000000000000000e+11,9.949999999999999956e-01,2.621443387250909582e+06
3.600000000000000000e+11,9.949999999999999956e-01,3.369129380031308159e+06
4.600000000000000000e+11,9.949999999999999956e-01,4.303837502085352316e+06
6.000000000000000000e+11,9.949999999999999956e-01,5.612174767557273619e+06
7.700000000000000000e+11,9.949999999999999956e-01,7.200855955060889013e+06
1.000000000000000056e-01,9.979999999999999982e-01,0.000000000000000000e+00
2.000000000000000111e-01,9.979999999999999982e-01,0.000000000000000000e+00
5.000000000000000000e-01,9.979999999999999982e-01,0.000000000000000000e+00
1.000000000000000000e+00,9.979999999999999982e-01,0.000000000000000000e+00
1.300000000000000044e+00,9.979999999999999982e-01,0.000000000000000000e+00
1.699999999999999956e+00,9.979999999999999982e-01,0.000000000000000000e+00
2.200000000000000178e+00,9.979999999999999982e-01,0.000000000000000000e+00
2.799999999999999822e+00,9.979999999999999982e-01,0.000000000000000000e+00
3.600000000000000089e+00,9.979999999999999982e-01,0.000000000000000000e+00
4.599999999999999645e+00,9.979999999999999982e-01,0.000000000000000000e+00
6.000000000000000000e+00,9.979999999999999982e-01,0.000000000000000000e+00
7.700000000000000178e+00,9.979999999999999982e-01,0.000000000000000000e+00
1.000000000000000000e+01,9.979999999999999982e-01,0.000000000000000000e+00
1.300000000000000000e+01,9.979999999999999982e-01,0.000000000000000000e+00
1.700000000000000000e+01,9.979999999999999982e-01,0.000000000000000000e+00
2.200000000000000000e+01,9.979999999999999982e-01,0.000000000000000000e+00
2.800000000000000000e+01,9.979999999999999982e-01,0.000000000000000000e+00
3.600000000000000000e+01,9.979999999999999982e-01,0.000000000000000000e+00
4.600000000000000000e+01,9.979999999999999982e-01,0.000000000000000000e+00
6.000000000000000000e+01,9.979999999999999982e-01,0.000000000000000000e+00
7.700000000000000000e+01,9.979999999999999982e-01,0.000000000000000000e+00
1.000000000000000000e+02,9.979999999999999982e-01,0.000000000000000000e+00
1.300000000000000000e+02,9.979999999999999982e-01,0.000000000000000000e+00
1.700000000000000000e+02,9.979999999999999982e-01,0.000000000000000000e+00
2.200000000000000000e+02,9.979999999999999982e-01,0.000000000000000000e+00
2.800000000000000000e+02,9.979999999999999982e-01,0.000000000000000000e+00
3.600000000000000000e+02,9.979999999999999982e-01,0.000000000000000000e+00
4.600000000000000000e+02,9.979999999999999982e-01,0.000000000000000000e+00
6.000000000000000000e+02,9.979999999999999982e-01,0.000000000000000000e+00
7.700000000000000000e+02,9.979999999999999982e-01,0.000000000000000000e+00
1.000000000000000000e+03,9.979999999999999982e-01,0.000000000000000000e+00
1.300000000000000000e+03,9.979999999999999982e-01,7.725003465972140049e+00
1.700000000000000000e+03,9.979999999999999982e-01,8.464973746853903691e+00
2.200000000000000000e+03,9.979999999999999982e-01,9.227669413962360068e+00
2.800000000000000000e+03,9.979999999999999982e-01,9.989118571541212077e+00
3.600000000000000000e+03,9.979999999999999982e-01,1.082855021477770308e+01
4.600000000000000000e+03,9.979999999999999982e-01,1.170809866247999942e+01
6.000000000000000000e+03,9.979999999999999982e-01,1.268070287523601358e+01
7.700000000000000000e+03,9.979999999999999982e-01,1.372776944414026801e+01
1.000000000000000000e+04,9.979999999999999982e-01,1.501353136439470681e+01
1.300000000000000000e+04,9.979999999999999982e-01,1.638526393203388665e+01
1.700000000000000000e+04,9.979999999999999982e-01,1.783275081397605533e+01
2.200000000000000000e+04,9.979999999999999982e-01,1.953423714748341666e+01
2.800000000000000000e+04,9.979999999999999982e-01,2.100316094072554662e+01
3.600000000000000000e+04,9.979999999999999982e-01,2.274479496273445278e+01
4.600000000000000000e+04,9.979999999999999982e-01,2.477930918857805409e+01
6.000000000000000000e+04,9.979999999999999982e-01,2.711958402904528143e+01
7.700000000000000000e+04,9.979999999999999982e-01,2.937212511848301233e+01
1.000000000000000000e+05,9.979999999999999982e-01,3.190432681469047438e+01
1.300000000000000000e+05,9.979999999999999982e-01,3.479029415124296776e+01
1.700000000000000000e+05,9.979999999999999982e-01,3.814298583822061772e+01
2.200000000000000000e+05,9.979999999999999982e-01,4.160451811989605631e+01
2.800000000000000000e+05,9.979999999999999982e-01,4.531649344090326537e+01
3.600000000000000000e+05,9.979999999999999982e-01,4.942174064095606667e+01
4.600000000000000000e+05,9.979999999999999982e-01,5.386310585964302788e+01
6.000000000000000000e+05,9.979999999999999982e-01,5.881601630516456680e+01
7.700000000000000000e+05,9.979999999999999982e-01,6.479049082859467035e+01
1.000000000000000000e+06,9.979999999999999982e-01,7.125775804364356247e+01
1.300000000000000000e+06,9.979999999999999982e-01,7.880664187511153784e+01
1.700000000000000000e+06,9.979999999999999982e-01,8.747006149164705846e+01
2.200000000000000000e+06,9.979999999999999982e-01,9.662232908731606074e+01
2.800000000000000000e+06,9.979999999999999982e-01,1.064746853320068993e+02
3.600000000000000000e+06,9.979999999999999982e-01,1.179092330336397652e+02
4.600000000000000000e+06,9.979999999999999982e-01,1.294246802601227557e+02
6.000000000000000000e+06,9.979999999999999982e-01,1.437340865794821809e+02
7.700000000000000000e+06,9.979999999999999982e-01,1.595221057129462281e+02
1.000000000000000000e+07,9.979999999999999982e-01,1.768324207348766777e+02
1.300000000000000000e+07,9.979999999999999982e-01,1.979967096670494016e+02
1.700000000000000000e+07,9.979999999999999982e-01,2.227328078277133159e+02
2.200000000000000000e+07,9.979999999999999982e-01,2.511164181739052026e+02
2.800000000000000000e+07,9.979999999999999982e-01,2.818395916647861554e+02
3.600000000000000000e+07,9.979999999999999982e-01,3.172190416103656503e+02
4.600000000000000000e+07,9.979999999999999982e-01,3.585786869490374897e+02
6.000000000000000000e+07,9.979999999999999982e-01,4.100702831263710095e+02
7.700000000000000000e+07,9.979999999999999982e-01,4.676714213748897464e+02
1.000000000000000000e+08,9.979999999999999982e-01,5.383781658887588719e+02
1.300000000000000000e+08,9.979999999999999982e-01,6.219254943055277636e+02
1.700000000000000000e+08,9.979999999999999982e-01,7.243458722299551482e+02
2.200000000000000000e+08,9.979999999999999982e-01,8.458271857728140048e+02
2.800000000000000000e+08,9.979999999999999982e-01,9.809991346877724254e+02
3.600000000000000000e+08,9.979999999999999982e-01,1.153844068896719818e+03
4.600000000000000000e+08,9.979999999999999982e-01,1.357110320926919030e+03
6.000000000000000000e+08,9.979999999999999982e-01,1.631579650812971522e+03
7.700000000000000000e+08,9.979999999999999982e-01,1.951649758578884985e+03
1.000000000000000000e+09,9.979999999999999982e-01,2.370290224880999631e+03
1.300000000000000000e+09,9.979999999999999982e-01,2.900668611334894649e+03
1.700000000000000000e+09,9.979999999999999982e-01,3.592147225430876460e+03
2.200000000000000000e+09,9.979999999999999982e-01,4.438265759002038976e+03
2.800000000000000000e+09,9.979999999999999982e-01,5.435864215091564802e+03
3.600000000000000000e+09,9.979999999999999982e-01,6.743654926368182714e+03
4.600000000000000000e+09,9.979999999999999982e-01,8.354591774205589900e+03
6.000000000000000000e+09,9.979999999999999982e-01,1.058708169148763045e+04
7.700000000000000000e+09,9.979999999999999982e-01,1.326968013761105249e+04
1.000000000000000000e+10,9.979999999999999982e-01,1.687173726252300548e+04
1.300000000000000000e+10,9.979999999999999982e-01,2.153058494661704026e+04
1.700000000000000000e+10,9.979999999999999982e-01,2.771256325244109030e+04
2.200000000000000000e+10,9.979999999999999982e-01,3.538954627911715943e+04
2.800000000000000000e+10,9.979999999999999982e-01,4.456640034682698024e+04
3.600000000000000000e+10,9.979999999999999982e-01,5.675696970423480525e+04
4.600000000000000000e+10,9.979999999999999982e-01,7.195406634249011404e+04
6.000000000000000000e+10,9.979999999999999982e-01,9.315960645030238084e+04
7.700000000000000000e+10,9.979999999999999982e-01,1.188658610328530631e+05
1.000000000000000000e+11,9.979999999999999982e-01,1.535763138563323300e+05
1.300000000000000000e+11,9.979999999999999982e-01,1.987674120194028656e+05
1.700000000000000000e+11,9.979999999999999982e-01,2.589497729855594516e+05
2.200000000000000000e+11,9.979999999999999982e-01,3.340928296195137664e+05
2.800000000000000000e+11,9.979999999999999982e-01,4.241635732795916847e+05
3.600000000000000000e+11,9.979999999999999982e-01,5.441705283659241395e+05
4.600000000000000000e+11,9.979999999999999982e-01,6.941395983941196464e+05
6.000000000000000000e+11,9.979999999999999982e-01,9.039063579984362004e+05
7.700000000000000000e+11,9.979999999999999982e-01,1.158510046460274607e+06
1.000000000000000056e-01,9.989999999999999991e-01,0.000000000000000000e+00
2.000000000000000111e-01,9.989999999999999991e-01,0.000000000000000000e+00
5.000000000000000000e-01,9.989999999999999991e-01,0.000000000000000000e+00
1.000000000000000000e+00,9.989999999999999991e-01,0.000000000000000000e+00
1.300000000000000044e+00,9.989999999999999991e-01,0.000000000000000000e+00
1.699999999999999956e+00,9.989999999999999991e-01,0.000000000000000000e+00
2.200000000000000178e+00,9.989999999999999991e-01,0.000000000000000000e+00
2.799999999999999822e+00,9.989999999999999991e-01,0.000000000000000000e+00
3.600000000000000089e+00,9.989999999999999991e-01,0.000000000000000000e+00
4.599999999999999645e+00,9.989999999999999991e-01,0.000000000000000000e+00
6.000000000000000000e+00,9.989999999999999991e-01,0.000000000000000000e+00
7.700000000000000178e+00,9.989999999999999991e-01,0.000000000000000000e+00
1.000000000000000000e+01,9.989999999999999991e-01,0.000000000000000000e+00
1.300000000000000000e+01,9.989999999999999991e-01,0.000000000000000000e+00
1.700000000000000000e+01,9.989999999999999991e-01,0.000000000000000000e+00
2.200000000000000000e+01,9.989999999999999991e-01,0.000000000000000000e+00
2.800000000000000000e+01,9.989999999999999991e-01,0.000000000000000000e+00
3.600000000000000000e+01,9.989999999999999991e-01,0.000000000000000000e+00
4.600000000000000000e+01,9.989999999999999991e-01,0.000000000000000000e+00
6.000000000000000000e+01,9.989999999999999991e-01,0.000000000000000000e+00
7.700000000000000000e+01,9.989999999999999991e-01,0.000000000000000000e+00
1.000000000000000000e+02,9.989999999999999991e-01,0.000000000000000000e+00
1.300000000000000000e+02,9.989999999999999991e-01,0.000000000000000000e+00
1.700000000000000000e+02,9.989999999999999991e-01,0.000000000000000000e+00
2.200000000000000000e+02,9.989999999999999991e-01,0.000000000000000000e+00
2.800000000000000000e+02,9.989999999999999991e-01,0.000000000000000000e+00
3.600000000000000000e+02,9.989999999999999991e-01,0.000000000000000000e+00
4.600000000000000000e+02,9.989999999999999991e-01,0.000000000000000000e+00
6.000000000000000000e+02,9.989999999999999991e-01,0.000000000000000000e+00
7.700000000000000000e+02,9.989999999999999991e-01,0.000000000000000000e+00
1.000000000000000000e+03,9.989999999999999991e-01,0.000000000000000000e+00
1.300000000000000000e+03,9.989999999999999991e-01,7.706884049414408189e+00
1.700000000000000000e+03,9.989999999999999991e-01,8.436724543598563386e+00
2.200000000000000000e+03,9.989999999999999991e-01,9.178012963738614971e+00
2.800000000000000000e+03,9.989999999999999991e-01,9.939956744068373595e+00
3.600000000000000000e+03,9.989999999999999991e-01,1.077041849475932622e+01
4.600000000000000000e+03,9.989999999999999991e-01,1.161383984646307788e+01
6.000000000000000000e+03,9.989999999999999991e-01,1.256603896381597529e+01
7.700000000000000000e+03,9.989999999999999991e-01,1.360234256999022584e+01
1.000000000000000000e+04,9.989999999999999991e-01,1.482174066232148846e+01
1.300000000000000000e+04,9.989999999999999991e-01,1.618707473324338153e+01
1.700000000000000000e+04,9.989999999999999991e-01,1.758200026239483904e+01
2.200000000000000000e+04,9.989999999999999991e-01,1.919108187349112171e+01
2.800000000000000000e+04,9.989999999999999991e-01,2.070096216727548821e+01
3.600000000000000000e+04,9.989999999999999991e-01,2.245309881034746624e+01
4.600000000000000000e+04,9.989999999999999991e-01,2.435102809204574115e+01
6.000000000000000000e+04,9.989999999999999991e-01,2.656038272408260781e+01
7.700000000000000000e+04,9.989999999999999991e-01,2.870475115434608782e+01
1.000000000000000000e+05,9.989999999999999991e-01,3.108044420379751216e+01
1.300000000000000000e+05,9.989999999999999991e-01,3.408895016795158739e+01
1.700000000000000000e+05,9.989999999999999991e-01,3.727129938083267291e+01
2.200000000000000000e+05,9.989999999999999991e-01,4.099102860995022013e+01
2.800000000000000000e+05,9.989999999999999991e-01,4.459045460833921481e+01
3.600000000000000000e+05,9.989999999999999991e-01,4.837250750336098548e+01
4.600000000000000000e+05,9.989999999999999991e-01,5.249204268889353386e+01
6.000000000000000000e+05,9.989999999999999991e-01,5.742286217291695749e+01
7.700000000000000000e+05,9.989999999999999991e-01,6.230098626177489507e+01
1.000000000000000000e+06,9.989999999999999991e-01,6.814695183110886489e+01
1.300000000000000000e+06,9.989999999999999991e-01,7.509901210877258393e+01
1.700000000000000000e+06,9.989999999999999991e-01,8.232750155715883977e+01
2.200000000000000000e+06,9.989999999999999991e-01,8.968822197385250661e+01
2.800000000000000000e+06,9.989999999999999991e-01,9.805174104345172736e+01
3.600000000000000000e+06,9.989999999999999991e-01,1.071253047881970133e+02
4.600000000000000000e+06,9.989999999999999991e-01,1.166007591202414915e+02
6.000000000000000000e+06,9.989999999999999991e-01,1.277730322472683469e+02
7.700000000000000000e+06,9.989999999999999991e-01,1.393253557051568805e+02
1.000000000000000000e+07,9.989999999999999991e-01,1.527380944984676887e+02
1.300000000000000000e+07,9.989999999999999991e-01,1.681244275002062523e+02
1.700000000000000000e+07,9.989999999999999991e-01,1.857641103143444070e+02
2.200000000000000000e+07,9.989999999999999991e-01,2.063941362014972754e+02
2.800000000000000000e+07,9.989999999999999991e-01,2.277149410275287096e+02
3.600000000000000000e+07,9.989999999999999991e-01,2.520792498837781750e+02
4.600000000000000000e+07,9.989999999999999991e-01,2.786706981299772110e+02
6.000000000000000000e+07,9.989999999999999991e-01,3.105498850437055580e+02
7.700000000000000000e+07,9.989999999999999991e-01,3.454036616611452928e+02
1.000000000000000000e+08,9.989999999999999991e-01,3.865618319844990651e+02
1.300000000000000000e+08,9.989999999999999991e-01,4.329850217896988624e+02
1.700000000000000000e+08,9.989999999999999991e-01,4.886058904605436624e+02
2.200000000000000000e+08,9.989999999999999991e-01,5.501795194462011978e+02
2.800000000000000000e+08,9.989999999999999991e-01,6.164656988393949177e+02
3.600000000000000000e+08,9.989999999999999991e-01,6.943698126037825205e+02
4.600000000000000000e+08,9.989999999999999991e-01,7.818659916555748168e+02
6.000000000000000000e+08,9.989999999999999991e-01,8.951557070193820209e+02
7.700000000000000000e+08,9.989999999999999991e-01,1.020811433234644710e+03
1.000000000000000000e+09,9.989999999999999991e-01,1.176487947564952037e+03
1.300000000000000000e+09,9.989999999999999991e-01,1.364544053823432478e+03
1.700000000000000000e+09,9.989999999999999991e-01,1.602944355566191462e+03
2.200000000000000000e+09,9.989999999999999991e-01,1.880301966320266501e+03
2.800000000000000000e+09,9.989999999999999991e-01,2.196469625012943197e+03
3.600000000000000000e+09,9.989999999999999991e-01,2.599660923851276493e+03
4.600000000000000000e+09,9.989999999999999991e-01,3.082781054392784881e+03
6.000000000000000000e+09,9.989999999999999991e-01,3.738264307147560430e+03
7.700000000000000000e+09,9.989999999999999991e-01,4.505375490044707476e+03
1.000000000000000000e+10,9.989999999999999991e-01,5.517536258029585952e+03
1.300000000000000000e+10,9.989999999999999991e-01,6.808734831233315163e+03
1.700000000000000000e+10,9.989999999999999991e-01,8.491012956783913978e+03
2.200000000000000000e+10,9.989999999999999991e-01,1.055361694105785500e+04
2.800000000000000000e+10,9.989999999999999991e-01,1.299776287947372839e+04
3.600000000000000000e+10,9.989999999999999991e-01,1.622260722776258444e+04
4.600000000000000000e+10,9.989999999999999991e-01,2.021113322760180017e+04
6.000000000000000000e+10,9.989999999999999991e-01,2.574471617596436772e+04
7.700000000000000000e+10,9.989999999999999991e-01,3.240672670673471657e+04
1.000000000000000000e+11,9.989999999999999991e-01,4.135570035852809815e+04
1.300000000000000000e+11,9.989999999999999991e-01,5.297317801527262782e+04
1.700000000000000000e+11,9.989999999999999991e-01,6.838007388915025513e+04
2.200000000000000000e+11,9.989999999999999991e-01,8.756018093390764261e+04
2.800000000000000000e+11,9.989999999999999991e-01,1.105083250221905910e+05
3.600000000000000000e+11,9.989999999999999991e-01,1.410205353168107977e+05
4.600000000000000000e+11,9.989999999999999991e-01,1.790320243760424200e+05
6.000000000000000000e+11,9.989999999999999991e-01,2.321846870436067693e+05
7.700000000000000000e+11,9.989999999999999991e-01,2.966192398651276599e+05
1.000000000000000056e-01,1.000000000000000000e+00,0.000000000000000000e+00
2.000000000000000111e-01,1.000000000000000000e+00,0.000000000000000000e+00
5.000000000000000000e-01,1.000000000000000000e+00,0.000000000000000000e+00
1.000000000000000000e+00,1.000000000000000000e+00,0.000000000000000000e+00
1.300000000000000044e+00,1.000000000000000000e+00,0.000000000000000000e+00
1.699999999999999956e+00,1.000000000000000000e+00,0.000000000000000000e+00
2.200000000000000178e+00,1.000000000000000000e+00,0.000000000000000000e+00
2.799999999999999822e+00,1.000000000000000000e+00,0.000000000000000000e+00
3.600000000000000089e+00,1.000000000000000000e+00,0.000000000000000000e+00
4.599999999999999645e+00,1.000000000000000000e+00,0.000000000000000000e+00
6.000000000000000000e+00,1.000000000000000000e+00,0.000000000000000000e+00
7.700000000000000178e+00,1.000000000000000000e+00,0.000000000000000000e+00
1.000000000000000000e+01,1.000000000000000000e+00,0.000000000000000000e+00
1.300000000000000000e+01,1.000000000000000000e+00,0.000000000000000000e+00
1.700000000000000000e+01,1.000000000000000000e+00,0.000000000000000000e+00
2.200000000000000000e+01,1.000000000000000000e+00,0.000000000000000000e+00
2.800000000000000000e+01,1.000000000000000000e+00,0.000000000000000000e+00
3.600000000000000000e+01,1.000000000000000000e+00,0.000000000000000000e+00
4.600000000000000000e+01,1.000000000000000000e+00,0.000000000000000000e+00
6.000000000000000000e+01,1.000000000000000000e+00,0.000000000000000000e+00
7.700000000000000000e+01,1.000000000000000000e+00,0.000000000000000000e+00
1.000000000000000000e+02,1.000000000000000000e+00,0.000000000000000000e+00
1.300000000000000000e+02,1.000000000000000000e+00,0.000000000000000000e+00
1.700000000000000000e+02,1.000000000000000000e+00,0.000000000000000000e+00
2.200000000000000000e+02,1.000000000000000000e+00,0.000000000000000000e+00
2.800000000000000000e+02,1.000000000000000000e+00,0.000000000000000000e+00
3.600000000000000000e+02,1.000000000000000000e+00,0.000000000000000000e+00
4.600000000000000000e+02,1.000000000000000000e+00,0.000000000000000000e+00
6.000000000000000000e+02,1.000000000000000000e+00,0.000000000000000000e+00
7.700000000000000000e+02,1.000000000000000000e+00,0.000000000000000000e+00
1.000000000000000000e+03,1.000000000000000000e+00,0.000000000000000000e+00
1.300000000000000000e+03,1.000000000000000000e+00,7.835535646278142252e+00
1.700000000000000000e+03,1.000000000000000000e+00,8.440684262258960402e+00
2.200000000000000000e+03,1.000000000000000000e+00,9.083683037293321050e+00
2.800000000000000000e+03,1.000000000000000000e+00,9.848449588741971183e+00
3.600000000000000000e+03,1.000000000000000000e+00,1.060501743906184480e+01
4.600000000000000000e+03,1.000000000000000000e+00,1.136909919081296039e+01
6.000000000000000000e+03,1.000000000000000000e+00,1.234364179381682902e+01
7.700000000000000000e+03,1.000000000000000000e+00,1.340514736944487773e+01
1.000000000000000000e+04,1.000000000000000000e+00,1.460805373100684434e+01
1.300000000000000000e+04,1.000000000000000000e+00,1.578860063685948845e+01
1.700000000000000000e+04,1.000000000000000000e+00,1.710210904665844822e+01
2.200000000000000000e+04,1.000000000000000000e+00,1.833103876166192947e+01
2.800000000000000000e+04,1.000000000000000000e+00,1.971065041288631647e+01
3.600000000000000000e+04,1.000000000000000000e+00,2.142044490905135845e+01
4.600000000000000000e+04,1.000000000000000000e+00,2.314165017174450867e+01
6.000000000000000000e+04,1.000000000000000000e+00,2.509146083767705449e+01
7.700000000000000000e+04,1.000000000000000000e+00,2.710784373319699014e+01
1.000000000000000000e+05,1.000000000000000000e+00,2.958254274504399461e+01
1.300000000000000000e+05,1.000000000000000000e+00,3.218982247854660983e+01
1.700000000000000000e+05,1.000000000000000000e+00,3.494406102034209738e+01
2.200000000000000000e+05,1.000000000000000000e+00,3.815515655187512323e+01
2.800000000000000000e+05,1.000000000000000000e+00,4.112764212960244237e+01
3.600000000000000000e+05,1.000000000000000000e+00,4.468069752736990097e+01
4.600000000000000000e+05,1.000000000000000000e+00,4.884780886260001154e+01
6.000000000000000000e+05,1.000000000000000000e+00,5.294415864764625468e+01
7.700000000000000000e+05,1.000000000000000000e+00,5.739543498078797512e+01
1.000000000000000000e+06,1.000000000000000000e+00,6.198642032225735932e+01
1.300000000000000000e+06,1.000000000000000000e+00,6.654508774843375818e+01
1.700000000000000000e+06,1.000000000000000000e+00,7.068145848197710279e+01
2.200000000000000000e+06,1.000000000000000000e+00,7.393131943750657342e+01
2.800000000000000000e+06,1.000000000000000000e+00,7.606489435640568786e+01
3.600000000000000000e+06,1.000000000000000000e+00,7.721710056580560888e+01
4.600000000000000000e+06,1.000000000000000000e+00,7.652454503500030114e+01
6.000000000000000000e+06,1.000000000000000000e+00,7.345692980780107462e+01
7.700000000000000000e+06,1.000000000000000000e+00,6.832799327286993218e+01
1.000000000000000000e+07,1.000000000000000000e+00,6.092939890220688426e+01
1.300000000000000000e+07,1.000000000000000000e+00,5.055151957011116082e+01
1.700000000000000000e+07,1.000000000000000000e+00,3.955672060712803528e+01
2.200000000000000000e+07,1.000000000000000000e+00,2.821162920436772126e+01
2.800000000000000000e+07,1.000000000000000000e+00,1.880517764397136204e+01
3.600000000000000000e+07,1.000000000000000000e+00,1.120280332140120372e+01
4.600000000000000000e+07,1.000000000000000000e+00,5.481232797998413453e+00
6.000000000000000000e+07,1.000000000000000000e+00,2.080484381536815253e+00
7.700000000000000000e+07,1.000000000000000000e+00,4.394942856484096438e-01
1.000000000000000000e+08,1.000000000000000000e+00,1.188807993253115092e-01
1.300000000000000000e+08,1.000000000000000000e+00,0.000000000000000000e+00
1.700000000000000000e+08,1.000000000000000000e+00,0.000000000000000000e+00
2.200000000000000000e+08,1.000000000000000000e+00,0.000000000000000000e+00
2.800000000000000000e+08,1.000000000000000000e+00,0.000000000000000000e+00
3.600000000000000000e+08,1.000000000000000000e+00,0.000000000000000000e+00
4.600000000000000000e+08,1.000000000000000000e+00,0.000000000000000000e+00
6.000000000000000000e+08,1.000000000000000000e+00,0.000000000000000000e+00
7.700000000000000000e+08,1.000000000000000000e+00,0.000000000000000000e+00
1.000000000000000000e+09,1.000000000000000000e+00,0.000000000000000000e+00
1.300000000000000000e+09,1.000000000000000000e+00,0.000000000000000000e+00
1.700000000000000000e+09,1.000000000000000000e+00,0.000000000000000000e+00
2.200000000000000000e+09,1.000000000000000000e+00,0.000000000000000000e+00
2.800000000000000000e+09,1.000000000000000000e+00,0.000000000000000000e+00
3.600000000000000000e+09,1.000000000000000000e+00,0.000000000000000000e+00
4.600000000000000000e+09,1.000000000000000000e+00,0.000000000000000000e+00
6.000000000000000000e+09,1.000000000000000000e+00,0.000000000000000000e+00
7.700000000000000000e+09,1.000000000000000000e+00,0.000000000000000000e+00
1.000000000000000000e+10,1.000000000000000000e+00,0.000000000000000000e+00
1.300000000000000000e+10,1.000000000000000000e+00,0.000000000000000000e+00
1.700000000000000000e+10,1.000000000000000000e+00,0.000000000000000000e+00
2.200000000000000000e+10,1.000000000000000000e+00,0.000000000000000000e+00
2.800000000000000000e+10,1.000000000000000000e+00,0.000000000000000000e+00
3.600000000000000000e+10,1.000000000000000000e+00,0.000000000000000000e+00
4.600000000000000000e+10,1.000000000000000000e+00,0.000000000000000000e+00
6.000000000000000000e+10,1.000000000000000000e+00,0.000000000000000000e+00
7.700000000000000000e+10,1.000000000000000000e+00,0.000000000000000000e+00
1.000000000000000000e+11,1.000000000000000000e+00,0.000000000000000000e+00
1.300000000000000000e+11,1.000000000000000000e+00,0.000000000000000000e+00
1.700000000000000000e+11,1.000000000000000000e+00,0.000000000000000000e+00
2.200000000000000000e+11,1.000000000000000000e+00,0.000000000000000000e+00
2.800000000000000000e+11,1.000000000000000000e+00,0.000000000000000000e+00
3.600000000000000000e+11,1.000000000000000000e+00,0.000000000000000000e+00
4.600000000000000000e+11,1.000000000000000000e+00,0.000000000000000000e+00
6.000000000000000000e+11,1.000000000000000000e+00,0.000000000000000000e+00
7.700000000000000000e+11,1.000000000000000000e+00,0.000000000000000000e+00
